lat,lon,loc
17.59633,120.618517,BANGUED (ABRA)
17.378889,120.82103,BOLINEY (ABRA)
17.537932,120.71864,BUCAY (ABRA)
17.441359,120.857243,BUCLOC (ABRA)
17.459107,120.926274,DAGUIOMAN (ABRA)
17.693178,120.665157,DANGLAS (ABRA)
17.648951,120.708813,DOLORES (ABRA)
17.670366,120.683375,LA PAZ (ABRA)
17.664456,120.94441,LACUB (ABRA)
17.61287,120.733654,LAGANGILANG (ABRA)
17.720928,120.705802,LAGAYAN (ABRA)
17.575521,120.564324,LANGIDEN (ABRA)
17.571561,120.901837,LICUAN-BAAY (ABRA)
17.31737,120.694466,LUBA (ABRA)
17.574396,121.007013,MALIBCONG (ABRA)
17.432459,120.703819,MANABO (ABRA)
17.564062,120.65096,PEÑARRUBIA (ABRA)
17.569852,120.589597,PIDIGAN (ABRA)
17.414832,120.595357,PILAR (ABRA)
17.455254,120.760137,SALLAPADAN (ABRA)
17.465802,120.602297,SAN ISIDRO (ABRA)
17.683819,120.732683,SAN JUAN (ABRA)
17.543102,120.518375,SAN QUINTIN (ABRA)
17.617067,120.653629,TAYUM (ABRA)
17.721841,120.821426,TINEG (ABRA)
17.258386,120.724626,TUBO (ABRA)
17.438104,120.625064,VILLAVICIOSA (ABRA)
8.953445,125.529231,CITY OF BUTUAN (AGUSAN DEL NORTE)
9.121417,125.546388,CITY OF CABADBARAN (AGUSAN DEL NORTE)
8.97469,125.409104,BUENAVISTA (AGUSAN DEL NORTE)
8.989919,125.295711,CARMEN (AGUSAN DEL NORTE)
9.34264,125.515995,JABONGA (AGUSAN DEL NORTE)
9.449718,125.578495,KITCHARAO (AGUSAN DEL NORTE)
8.736126,125.601228,LAS NIEVES (AGUSAN DEL NORTE)
9.01844,125.51728,MAGALLANES (AGUSAN DEL NORTE)
8.988383,125.341162,NASIPIT (AGUSAN DEL NORTE)
9.053573,125.586009,REMEDIOS T. ROMUALDEZ (AGUSAN DEL NORTE)
9.265869,125.558231,SANTIAGO (AGUSAN DEL NORTE)
9.169522,125.5319,TUBAY (AGUSAN DEL NORTE)
8.713022,125.751526,CITY OF BAYUGAN (AGUSAN DEL SUR)
8.179197,125.995056,BUNAWAN (AGUSAN DEL SUR)
8.678796,125.646474,ESPERANZA (AGUSAN DEL SUR)
8.279929,125.806686,LA PAZ (AGUSAN DEL SUR)
8.178904,125.858704,LORETO (AGUSAN DEL SUR)
8.59968,125.91699,PROSPERIDAD (AGUSAN DEL SUR)
8.381604,126.002316,ROSARIO (AGUSAN DEL SUR)
8.506996,125.974484,SAN FRANCISCO (AGUSAN DEL SUR)
8.499392,125.737903,SAN LUIS (AGUSAN DEL SUR)
7.984168,126.028691,SANTA JOSEFA (AGUSAN DEL SUR)
8.819384,125.692815,SIBAGAT (AGUSAN DEL SUR)
8.448779,125.784666,TALACOGON (AGUSAN DEL SUR)
8.035618,126.064313,TRENTO (AGUSAN DEL SUR)
8.069465,125.955124,VERUELA (AGUSAN DEL SUR)
11.538404,122.487629,ALTAVAS (AKLAN)
11.555774,122.38,BALETE (AKLAN)
11.639831,122.332428,BANGA (AKLAN)
11.586906,122.496301,BATAN (AKLAN)
11.844699,121.888607,BURUANGA (AKLAN)
11.821851,122.161336,IBAJAY (AKLAN)
11.70863,122.366954,KALIBO (AKLAN)
11.666371,122.32813,LEZO (AKLAN)
11.482187,122.305017,LIBACAO (AKLAN)
11.527273,122.306108,MADALAG (AKLAN)
11.712271,122.292491,MAKATO (AKLAN)
11.899784,121.909678,MALAY (AKLAN)
11.643208,122.309217,MALINAO (AKLAN)
11.828165,122.092413,NABAS (AKLAN)
11.64797,122.433757,NEW WASHINGTON (AKLAN)
11.703827,122.328705,NUMANCIA (AKLAN)
11.777455,122.260761,TANGALAN (AKLAN)
13.138296,123.734562,CITY OF LEGAZPI (ALBAY)
13.240041,123.536086,CITY OF LIGAO (ALBAY)
13.359459,123.730758,CITY OF TABACO (ALBAY)
13.294768,123.792562,BACACAY (ALBAY)
13.182093,123.655691,CAMALIG (ALBAY)
13.149156,123.713025,DARAGA (ALBAY)
13.191395,123.599169,GUINOBATAN (ALBAY)
13.072738,123.598282,JOVELLAR (ALBAY)
13.299623,123.436996,LIBON (ALBAY)
13.31873,123.739023,MALILIPOT (ALBAY)
13.397605,123.704934,MALINAO (ALBAY)
13.123664,123.867232,MANITO (ALBAY)
13.25737,123.499478,OAS (ALBAY)
13.044361,123.456068,PIO DURAN (ALBAY)
13.292858,123.4841,POLANGUI (ALBAY)
13.186763,124.128235,RAPU-RAPU (ALBAY)
13.237031,123.777364,SANTO DOMINGO (ALBAY)
13.457353,123.680361,TIWI (ALBAY)
10.430411,121.926654,ANINI-Y (ANTIQUE)
11.195472,122.037542,BARBAZA (ANTIQUE)
10.838219,121.959217,BELISON (ANTIQUE)
11.044692,122.065034,BUGASONG (ANTIQUE)
11.932449,121.547563,CALUYA (ANTIQUE)
11.426689,122.055141,CULASI (ANTIQUE)
10.516139,121.945266,TOBIAS FORNIER (ANTIQUE)
10.701001,121.98156,HAMTIC (ANTIQUE)
11.142912,122.041762,LAUA-AN (ANTIQUE)
11.769068,121.918809,LIBERTAD (ANTIQUE)
11.72057,122.096305,PANDAN (ANTIQUE)
10.913951,121.995781,PATNONGON (ANTIQUE)
10.746756,121.941493,SAN JOSE DE BUENAVISTA (ANTIQUE)
10.829386,122.090329,SAN REMIGIO (ANTIQUE)
11.589361,122.096106,SEBASTE (ANTIQUE)
10.789404,122.018071,SIBALOM (ANTIQUE)
11.289328,122.034494,TIBIAO (ANTIQUE)
11.003849,122.129875,VALDERRAMA (ANTIQUE)
18.255306,121.044098,CALANASAN (APAYAO)
17.795757,121.322564,CONNER (APAYAO)
18.214947,121.418256,FLORA (APAYAO)
18.024226,121.184345,KABUGAO (APAYAO)
18.33302,121.354371,LUNA (APAYAO)
18.234645,121.372441,PUDTOL (APAYAO)
18.287579,121.437852,SANTA MARCELA (APAYAO)
15.758933,121.562817,BALER (AURORA)
16.277208,122.123167,CASIGURAN (AURORA)
16.392737,122.211741,DILASAG (AURORA)
16.140282,121.95703,DINALUNGAN (AURORA)
15.388719,121.391089,DINGALAN (AURORA)
15.848783,121.537283,DIPACULAO (AURORA)
15.798584,121.473551,MARIA AURORA (AURORA)
15.720413,121.520881,SAN LUIS (AURORA)
6.704045,121.979767,CITY OF ISABELA (BASILAN)
6.657142,122.14489,CITY OF LAMITAN (BASILAN)
6.491025,122.141718,AL-BARKA (BASILAN)
6.665133,122.195118,AKBAR (BASILAN)
6.642403,122.272217,HADJI MOHAMMAD AJUL (BASILAN)
6.6581,121.590794,HADJI MUHTAMAD (BASILAN)
6.638776,121.84072,LANTAWAN (BASILAN)
6.546658,121.870901,MALUSO (BASILAN)
6.417544,122.032108,SUMISIP (BASILAN)
6.307865,121.929578,TABUAN-LASA (BASILAN)
6.500224,122.120881,TIPO-TIPO (BASILAN)
6.60644,122.192211,TUBURAN (BASILAN)
6.495955,122.105679,UNGKAYA PUKAN (BASILAN)
14.679943,120.540788,CITY OF BALANGA (BATAAN)
14.722272,120.535426,ABUCAY (BATAAN)
14.607121,120.401998,BAGAC (BATAAN)
14.866919,120.461062,DINALUPIHAN (BATAAN)
14.830576,120.508521,HERMOSA (BATAAN)
14.561849,120.594799,LIMAY (BATAAN)
14.43585,120.490196,MARIVELES (BATAAN)
14.678425,120.265252,MORONG (BATAAN)
14.802066,120.536599,ORANI (BATAAN)
14.621198,120.576532,ORION (BATAAN)
14.668632,120.552953,PILAR (BATAAN)
14.769342,120.542375,SAMAL (BATAAN)
20.449799,121.968976,BASCO (BATANES)
20.787934,121.841769,ITBAYAT (BATANES)
20.368934,121.91393,IVANA (BATANES)
20.416368,121.947612,MAHATAO (BATANES)
20.333233,121.874156,SABTANG (BATANES)
20.350518,121.93893,UYUGAN (BATANES)
13.755966,121.05812,CITY OF BATANGAS (BATANGAS)
13.957403,121.164611,CITY OF LIPA (BATANGAS)
14.110762,121.142386,CITY OF SANTO TOMAS (BATANGAS)
14.086356,121.125721,CITY OF TANAUAN (BATANGAS)
13.934542,120.928455,AGONCILLO (BATANGAS)
13.866264,121.005907,ALITAGTAG (BATANGAS)
13.938709,120.728973,BALAYAN (BATANGAS)
14.018813,121.09424,BALETE (BATANGAS)
13.793771,121.007101,BAUAN (BATANGAS)
13.930414,120.812979,CALACA (BATANGAS)
13.832829,120.632402,CALATAGAN (BATANGAS)
13.901022,121.050065,CUENCA (BATANGAS)
13.818356,121.13199,IBAAN (BATANGAS)
14.050238,120.93292,LAUREL (BATANGAS)
13.883698,120.914136,LEMERY (BATANGAS)
14.036939,120.652511,LIAN (BATANGAS)
13.647367,121.209952,LOBO (BATANGAS)
13.748222,120.941971,MABINI (BATANGAS)
14.054275,121.154841,MALVAR (BATANGAS)
13.960392,121.114479,MATAAS NA KAHOY (BATANGAS)
14.07427,120.632452,NASUGBU (BATANGAS)
13.879715,121.213061,PADRE GARCIA (BATANGAS)
13.845708,121.206286,ROSARIO (BATANGAS)
13.878467,121.104368,SAN JOSE (BATANGAS)
13.824952,121.396636,SAN JUAN (BATANGAS)
13.85554,120.916333,SAN LUIS (BATANGAS)
13.93005,120.952297,SAN NICOLAS (BATANGAS)
13.790939,121.023983,SAN PASCUAL (BATANGAS)
13.869577,120.976292,SANTA TERESITA (BATANGAS)
13.880099,120.922785,TAAL (BATANGAS)
14.093031,121.021106,TALISAY (BATANGAS)
13.798444,121.188777,TAYSAN (BATANGAS)
13.659343,120.87247,TINGLOY (BATANGAS)
14.018736,120.730211,TUY (BATANGAS)
16.413899,120.591406,CITY OF BAGUIO (BENGUET)
16.627496,120.767652,ATOK (BENGUET)
16.783196,120.727602,BAKUN (BENGUET)
16.49154,120.830189,BOKOD (BENGUET)
16.800118,120.821946,BUGUIAS (BENGUET)
16.360313,120.677169,ITOGON (BENGUET)
16.623598,120.838004,KABAYAN (BENGUET)
16.575705,120.605564,KAPANGAN (BENGUET)
16.69351,120.652983,KIBUNGAN (BENGUET)
16.449736,120.589788,LA TRINIDAD (BENGUET)
16.857638,120.793232,MANKAYAN (BENGUET)
16.497352,120.487256,SABLAN (BENGUET)
16.392564,120.561099,TUBA (BENGUET)
16.474676,120.632694,TUBLAY (BENGUET)
11.620359,124.379389,ALMERIA (BILIRAN)
11.465558,124.47401,BILIRAN (BILIRAN)
11.473822,124.575044,CABUCGAYAN (BILIRAN)
11.570608,124.580245,CAIBIRAN (BILIRAN)
11.655706,124.53756,CULABA (BILIRAN)
11.680708,124.356836,KAWAYAN (BILIRAN)
11.776776,124.348679,MARIPIPI (BILIRAN)
11.564994,124.401428,NAVAL (BILIRAN)
9.653983,123.865501,CITY OF TAGBILARAN (BOHOL)
9.610131,123.956941,ALBURQUERQUE (BOHOL)
9.898651,124.440369,ALICIA (BOHOL)
9.743399,124.576378,ANDA (BOHOL)
9.781042,123.898812,ANTEQUERA (BOHOL)
9.622175,123.913556,BACLAYON (BOHOL)
9.75469,123.97101,BALILIHAN (BOHOL)
9.70232,124.102543,BILAR (BOHOL)
9.781398,124.147347,BATUAN (BOHOL)
10.140989,124.376992,BIEN UNIDO (BOHOL)
10.08069,124.11166,BUENAVISTA (BOHOL)
9.890663,123.871483,CALAPE (BOHOL)
9.817576,124.496312,CANDIJAY (BOHOL)
9.82075,124.197023,CARMEN (BOHOL)
9.85913,124.005567,CATIGBIAN (BOHOL)
9.962789,124.023949,CLARIN (BOHOL)
9.686866,123.921334,CORELLA (BOHOL)
9.721806,123.878296,CORTES (BOHOL)
9.891133,124.271609,DAGOHOY (BOHOL)
9.947231,124.220892,DANAO (BOHOL)
9.623498,123.856316,DAUIS (BOHOL)
9.605901,124.162484,DIMIAO (BOHOL)
9.708754,124.405542,DUERO (BOHOL)
9.614439,124.295428,GARCIA HERNANDEZ (BOHOL)
9.761678,124.487795,GUINDULMAN (BOHOL)
10.030836,124.065329,INABANGA (BOHOL)
9.651489,124.370628,JAGNA (BOHOL)
10.15003,124.153138,GETAFE (BOHOL)
9.590141,124.095674,LILA (BOHOL)
9.599685,124.009951,LOAY (BOHOL)
9.637611,124.030927,LOBOC (BOHOL)
9.805034,123.797394,LOON (BOHOL)
9.864898,124.519597,MABINI (BOHOL)
9.741185,123.842598,MARIBOJOC (BOHOL)
9.580322,123.752373,PANGLAO (BOHOL)
9.836152,124.334228,PILAR (BOHOL)
10.121821,124.553811,PRESIDENT CARLOS P. GARCIA (BOHOL)
9.912859,124.092938,SAGBAYAN (BOHOL)
9.862499,123.95629,SAN ISIDRO (BOHOL)
9.986416,124.33829,SAN MIGUEL (BOHOL)
9.702821,124.045673,SEVILLA (BOHOL)
9.808122,124.291332,SIERRA BULLONES (BOHOL)
9.687581,123.973966,SIKATUNA (BOHOL)
10.150457,124.327198,TALIBON (BOHOL)
10.079447,124.342966,TRINIDAD (BOHOL)
9.943192,123.960829,TUBIGON (BOHOL)
10.052161,124.473542,UBAY (BOHOL)
9.608011,124.207813,VALENCIA (BOHOL)
8.126756,125.125597,CITY OF  MALAYBALAY (BUKIDNON)
7.902868,125.08935,CITY OF VALENCIA (BUKIDNON)
8.312832,124.687335,BAUNGON (BUKIDNON)
8.077156,125.29932,CABANGLASAN (BUKIDNON)
7.485014,124.940972,DAMULOG (BUKIDNON)
7.611399,125.001779,DANGCAGAN (BUKIDNON)
7.681418,124.994684,DON CARLOS (BUKIDNON)
8.302258,125.000735,IMPASUG-ONG (BUKIDNON)
7.599678,124.909577,KADINGILAN (BUKIDNON)
7.740336,124.745616,KALILANGAN (BUKIDNON)
7.568965,124.985455,KIBAWE (BUKIDNON)
7.640088,125.008546,KITAOTAO (BUKIDNON)
7.999981,125.020522,LANTAPAN (BUKIDNON)
8.367063,124.686865,LIBONA (BUKIDNON)
8.533744,124.883855,MALITBOG (BUKIDNON)
8.371654,124.856465,MANOLO FORTICH (BUKIDNON)
7.780312,125.011478,MARAMAG (BUKIDNON)
7.828996,124.828896,PANGANTUCAN (BUKIDNON)
7.715148,125.11144,QUEZON (BUKIDNON)
7.916727,125.32855,SAN FERNANDO (BUKIDNON)
8.325965,124.977701,SUMILAO (BUKIDNON)
8.232118,124.60367,TALAKAG (BUKIDNON)
14.860848,120.810202,CITY OF MALOLOS (BULACAN)
14.774918,120.998692,CITY OF MEYCAUAYAN (BULACAN)
14.810382,121.047815,CITY OF SAN JOSE DEL MONTE (BULACAN)
14.927964,121.028346,ANGAT (BULACAN)
14.959394,120.899402,BALIUAG (BULACAN)
14.817465,120.908125,BALAGTAS (BULACAN)
14.793875,120.942942,BOCAUE (BULACAN)
14.794275,120.878795,BULAKAN (BULACAN)
14.953683,120.918941,BUSTOS (BULACAN)
14.913996,120.764728,CALUMPIT (BULACAN)
14.970779,121.064526,DO√±A REMEDIOS TRINIDAD (BULACAN)
14.827506,120.879003,GUIGUINTO (BULACAN)
14.836092,120.734135,HAGONOY (BULACAN)
14.774125,120.959596,MARILAO (BULACAN)
14.905,121.042359,NORZAGARAY (BULACAN)
14.709473,120.937415,OBANDO (BULACAN)
14.865628,120.958336,PANDI (BULACAN)
14.836073,120.788091,PAOMBONG (BULACAN)
14.886815,120.859877,PLARIDEL (BULACAN)
14.901291,120.848987,PULILAN (BULACAN)
15.078033,120.942671,SAN ILDEFONSO (BULACAN)
15.140405,120.977412,SAN MIGUEL (BULACAN)
14.982877,120.927842,SAN RAFAEL (BULACAN)
14.819341,120.960461,SANTA MARIA (BULACAN)
17.650559,121.753865,CITY OF TUGUEGARAO (CAGAYAN)
18.444108,121.457637,ABULUG (CAGAYAN)
17.903194,121.655493,ALCALA (CAGAYAN)
18.226262,121.555103,ALLACAPAN (CAGAYAN)
17.836355,121.722799,AMULUNG (CAGAYAN)
18.356687,121.637051,APARRI (CAGAYAN)
17.889269,121.871326,BAGGAO (CAGAYAN)
18.409846,121.51502,BALLESTEROS (CAGAYAN)
18.288775,121.832411,BUGUEY (CAGAYAN)
19.261821,121.475296,CALAYAN (CAGAYAN)
18.268499,121.683133,CAMALANIUGAN (CAGAYAN)
18.606073,121.082429,CLAVERIA (CAGAYAN)
17.561079,121.683248,ENRILE (CAGAYAN)
17.88384,121.569595,SANTO NIÑO (CAGAYAN)
18.060999,121.645819,GATTARAN (CAGAYAN)
18.261166,121.997072,GONZAGA (CAGAYAN)
17.752468,121.737671,IGUIG (CAGAYAN)
18.200175,121.662874,LAL-LO (CAGAYAN)
18.063224,121.599116,LASAM (CAGAYAN)
18.463748,121.340523,PAMPLONA (CAGAYAN)
17.626095,121.785238,PE√±ABLANCA (CAGAYAN)
17.792009,121.476813,PIAT (CAGAYAN)
17.846044,121.346309,RIZAL (CAGAYAN)
18.559802,121.234157,SANCHEZ-MIRA (CAGAYAN)
18.457477,122.142945,SANTA ANA (CAGAYAN)
18.563768,120.991164,SANTA PRAXEDES (CAGAYAN)
18.250099,121.90895,SANTA TERESITA (CAGAYAN)
17.649889,121.690422,SOLANA (CAGAYAN)
17.735001,121.455227,TUAO (CAGAYAN)
14.071271,122.96097,BASUD (CAMARINES NORTE)
14.331632,122.493782,CAPALONGA (CAMARINES NORTE)
14.092529,122.956897,DAET (CAMARINES NORTE)
14.290153,122.691527,JOSE PANGANIBAN (CAMARINES NORTE)
14.154188,122.830257,LABO (CAMARINES NORTE)
14.109912,123.009217,MERCEDES (CAMARINES NORTE)
14.279843,122.787318,PARACALE (CAMARINES NORTE)
14.037005,122.86868,SAN LORENZO RUIZ (CAMARINES NORTE)
14.180449,122.391004,SANTA ELENA (CAMARINES NORTE)
14.106703,122.873024,SAN VICENTE (CAMARINES NORTE)
14.13578,122.924482,TALISAY (CAMARINES NORTE)
14.174017,122.90774,VINZONS (CAMARINES NORTE)
13.405831,123.405959,CITY OF IRIGA (CAMARINES SUR)
13.626176,123.198758,CITY OF NAGA (CAMARINES SUR)
13.453233,123.366717,BAAO (CAMARINES SUR)
13.316386,123.240179,BALATAN (CAMARINES SUR)
13.354127,123.36478,BATO (CAMARINES SUR)
13.687082,123.199602,BOMBON (CAMARINES SUR)
13.434501,123.517423,BUHI (CAMARINES SUR)
13.469531,123.277825,BULA (CAMARINES SUR)
13.726128,123.11405,CABUSAO (CAMARINES SUR)
13.708462,123.214643,CALABANGA (CAMARINES SUR)
13.619975,123.169052,CAMALIGAN (CAMARINES SUR)
13.64713,123.171063,CANAMAN (CAMARINES SUR)
13.775192,123.862909,CARAMOAN (CAMARINES SUR)
13.921615,122.596103,DEL GALLEGO (CAMARINES SUR)
13.616731,123.141514,GAINZA (CAMARINES SUR)
13.884431,123.700778,GARCHITORENA (CAMARINES SUR)
13.694905,123.47658,GOA (CAMARINES SUR)
13.735021,123.520953,LAGONOY (CAMARINES SUR)
13.694552,123.060181,LIBMANAN (CAMARINES SUR)
13.790379,122.912879,LUPI (CAMARINES SUR)
13.661012,123.190306,MAGARAO (CAMARINES SUR)
13.595536,123.177735,MILAOR (CAMARINES SUR)
13.567778,123.180877,MINALABAC (CAMARINES SUR)
13.406342,123.373633,NABUA (CAMARINES SUR)
13.557288,123.372264,OCAMPO (CAMARINES SUR)
13.59226,123.083287,PAMPLONA (CAMARINES SUR)
13.512742,123.042041,PASACAO (CAMARINES SUR)
13.556133,123.273502,PILI (CAMARINES SUR)
13.710365,123.745112,PRESENTACION (CAMARINES SUR)
13.820115,122.79119,RAGAY (CAMARINES SUR)
13.605265,123.521959,SAG√±AY (CAMARINES SUR)
13.564738,123.144242,SAN FERNANDO (CAMARINES SUR)
13.699182,123.518216,SAN JOSE (CAMARINES SUR)
13.75782,122.976525,SIPOCOT (CAMARINES SUR)
14.022104,123.258784,SIRUMA (CAMARINES SUR)
13.621797,123.491629,TIGAON (CAMARINES SUR)
13.816209,123.337629,TINAMBAC (CAMARINES SUR)
9.123747,124.675481,CATARMAN (CAMIGUIN)
9.096277,124.785041,GUINSILIBAN (CAMIGUIN)
9.156172,124.78734,MAHINOG (CAMIGUIN)
9.24485,124.726683,MAMBAJAO (CAMIGUIN)
9.104936,124.724503,SAGAY (CAMIGUIN)
11.583411,122.752599,CITY OF ROXAS (CAPIZ)
11.340736,122.669609,CUARTERO (CAPIZ)
11.394408,122.686214,DAO (CAPIZ)
11.306191,122.623324,DUMALAG (CAPIZ)
11.262309,122.687154,DUMARAO (CAPIZ)
11.521059,122.692681,IVISAN (CAPIZ)
11.408961,122.50937,JAMINDAN (CAPIZ)
11.387374,122.780876,MA-AYON (CAPIZ)
11.429811,122.597463,MAMBUSAO (CAPIZ)
11.555556,122.793259,PANAY (CAPIZ)
11.462976,122.768488,PANITAN (CAPIZ)
11.487869,122.997287,PILAR (CAPIZ)
11.481859,122.832332,PONTEVEDRA (CAPIZ)
11.429968,122.924339,PRESIDENT ROXAS (CAPIZ)
11.493707,122.604842,SAPI-AN (CAPIZ)
11.422669,122.665288,SIGMA (CAPIZ)
11.260241,122.537003,TAPAZ (CAPIZ)
13.941171,124.288889,BAGAMANOC (CATANDUANES)
13.658805,124.371526,BARAS (CATANDUANES)
13.609128,124.297199,BATO (CATANDUANES)
13.98367,124.132842,CARAMORAN (CATANDUANES)
13.78107,124.390902,GIGMOTO (CATANDUANES)
14.044343,124.170188,PANDAN (CATANDUANES)
13.907598,124.300727,PANGANIBAN (CATANDUANES)
13.595172,124.099654,SAN ANDRES (CATANDUANES)
13.640328,124.30286,SAN MIGUEL (CATANDUANES)
13.871241,124.309157,VIGA (CATANDUANES)
13.579645,124.23135,VIRAC (CATANDUANES)
14.43114,120.968193,CITY OF BACOOR (CAVITE)
14.483317,120.908806,CITY OF CAVITE (CAVITE)
14.326697,120.936476,CITY OF DASMARI√±AS (CAVITE)
14.38628,120.880978,CITY OF GENERAL TRIAS (CAVITE)
14.428588,120.935975,CITY OF IMUS (CAVITE)
14.099436,120.938189,CITY OF TAGAYTAY (CAVITE)
14.281223,120.870271,CITY OF TRECE MARTIRES (CAVITE)
14.137927,120.855157,ALFONSO (CAVITE)
14.170196,120.92224,AMADEO (CAVITE)
14.313789,121.05741,CARMONA (CAVITE)
14.295689,121.006755,GENERAL MARIANO ALVAREZ (CAVITE)
14.174236,120.80852,GENERAL EMILIO AGUINALDO (CAVITE)
14.202809,120.875271,INDANG (CAVITE)
14.431844,120.895038,KAWIT (CAVITE)
14.187895,120.757176,MAGALLANES (CAVITE)
14.274075,120.735264,MARAGONDON (CAVITE)
14.129591,120.905334,MENDEZ (CAVITE)
14.322605,120.771383,NAIC (CAVITE)
14.427563,120.880831,NOVELETA (CAVITE)
14.41626,120.855584,ROSARIO (CAVITE)
14.223415,120.974676,SILANG (CAVITE)
14.392917,120.854763,TANZA (CAVITE)
14.284317,120.720008,TERNATE (CAVITE)
9.970389,123.402147,ALCANTARA (CEBU)
11.046276,123.97923,CITY OF BOGO (CEBU)
10.105708,123.641227,CITY OF CARCAR (CEBU)
10.292915,123.90166,CITY OF CEBU (CEBU)
10.519304,124.027506,CITY OF DANAO (CEBU)
10.316503,123.965249,CITY OF LAPU-LAPU (CEBU)
10.327474,123.943203,CITY OF MANDAUE (CEBU)
10.207171,123.759895,CITY OF NAGA (CEBU)
10.253363,123.829447,CITY OF TALISAY (CEBU)
10.379918,123.658584,CITY OF TOLEDO (CEBU)
9.708847,123.507711,ALCOY (CEBU)
9.729434,123.339963,ALEGRIA (CEBU)
10.223373,123.548308,ALOGUINSAN (CEBU)
9.881228,123.608708,ARGAO (CEBU)
10.567493,123.715624,ASTURIAS (CEBU)
9.870134,123.398816,BADIAN (CEBU)
10.505276,123.713284,BALAMBAN (CEBU)
11.166433,123.717547,BANTAYAN (CEBU)
10.116329,123.50978,BARILI (CEBU)
9.628656,123.48008,BOLJOON (CEBU)
10.83775,124.030996,BORBON (CEBU)
10.587407,124.017262,CARMEN (CEBU)
10.723381,124.013445,CATMON (CEBU)
10.453949,124.012565,COMPOSTELA (CEBU)
10.375784,123.957264,CONSOLACION (CEBU)
10.251962,123.949714,CORDOVA (CEBU)
11.250328,123.998381,DAANBANTAYAN (CEBU)
9.761943,123.532939,DALAGUETE (CEBU)
10.057111,123.435905,DUMANJUG (CEBU)
9.569973,123.311861,GINATILAN (CEBU)
10.399703,123.999569,LILOAN (CEBU)
11.296315,123.732991,MADRIDEJOS (CEBU)
9.656428,123.325613,MALABUYOC (CEBU)
11.128463,123.961283,MEDELLIN (CEBU)
10.246015,123.79553,MINGLANILLA (CEBU)
9.93676,123.392017,MOALBOAL (CEBU)
9.520598,123.433597,OSLOB (CEBU)
10.806458,124.565119,PILAR (CEBU)
10.629073,124.407521,PORO (CEBU)
10.270012,123.584246,PINAMUNGAJAN (CEBU)
10.000717,123.409045,RONDA (CEBU)
9.528502,123.306382,SAMBOAN (CEBU)
10.162614,123.70731,SAN FERNANDO (CEBU)
10.646027,124.382342,SAN FRANCISCO (CEBU)
11.083859,123.937303,SAN REMIGIO (CEBU)
11.154863,123.79234,SANTA FE (CEBU)
9.417277,123.335123,SANTANDER (CEBU)
10.017206,123.621138,SIBONGA (CEBU)
10.747141,124.004391,SOGOD (CEBU)
10.939994,124.028299,TABOGON (CEBU)
10.822549,123.872448,TABUELAN (CEBU)
10.727783,123.824249,TUBURAN (CEBU)
10.636574,124.470146,TUDELA (CEBU)
7.008401,125.091568,CITY OF KIDAPAWAN (COTABATO)
7.15831,124.586789,ALEOSAN (COTABATO)
7.380632,124.55632,ALAMADA (COTABATO)
7.250328,125.05579,ANTIPAS (COTABATO)
7.352736,125.128706,ARAKAN (COTABATO)
7.506133,124.694855,BANISILAN (COTABATO)
7.204392,124.794817,CARMEN (COTABATO)
7.108738,124.823533,KABACAN (COTABATO)
7.245811,124.512388,LIBUNGAN (COTABATO)
7.102985,125.124371,MAGPET (COTABATO)
6.958772,125.088787,MAKILALA (COTABATO)
7.083156,124.90132,MATALAM (COTABATO)
7.189187,124.532667,MIDSAYAP (COTABATO)
6.946186,124.878058,M'LANG (COTABATO)
7.277469,124.424287,PIGKAWAYAN (COTABATO)
7.058331,124.676519,PIKIT (COTABATO)
7.15809,125.051468,PRESIDENT ROXAS (COTABATO)
6.831533,124.874452,TULUNAN (COTABATO)
7.667795,126.085266,COMPOSTELA (DAVAO DE ORO)
7.819226,125.792615,LAAK (DAVAO DE ORO)
7.30963,125.854702,MABINI ( DAVAO DE ORO)
7.370528,125.861861,MACO (DAVAO DE ORO)
7.317194,126.123839,MARAGUSAN (DAVAO DE ORO)
7.509837,125.921754,MAWAB (DAVAO DE ORO)
7.824235,126.052994,MONKAYO (DAVAO DE ORO)
7.704487,125.988315,MONTEVISTA (DAVAO DE ORO)
7.603339,125.969328,NABUNTURAN (DAVAO DE ORO)
7.127157,125.897673,PANTUKAN (DAVAO DE ORO)
7.547961,126.13677,NEW BATAAN (DAVAO DE ORO)
7.078617,125.712031,ISLAND GARDEN CITY OF SAMAL (DAVAO DEL NORTE)
7.283508,125.672003,CITY OF PANABO (DAVAO DEL NORTE)
7.440811,125.826395,CITY OF TAGUM (DAVAO DEL NORTE)
7.53835,125.753516,ASUNCION (DAVAO DEL NORTE)
7.44814,125.69053,BRAULIO E. DUJALI (DAVAO DEL NORTE)
7.353575,125.705148,CARMEN (DAVAO DEL NORTE)
7.585253,125.707963,KAPALONG (DAVAO DEL NORTE)
7.587491,125.824105,NEW CORELLA (DAVAO DEL NORTE)
7.532803,125.622546,SANTO TOMAS (DAVAO DEL NORTE)
7.064397,125.607763,CITY OF DAVAO (DAVAO DEL SUR)
6.744374,125.35634,CITY OF DIGOS (DAVAO DEL SUR)
6.787688,125.211213,BANSALAN (DAVAO DEL SUR)
6.688607,125.297638,HAGONOY (DAVAO DEL SUR)
6.753465,125.154238,MAGSAYSAY (DAVAO DEL SUR)
6.591311,125.400718,MALALAG (DAVAO DEL SUR)
6.622112,125.25521,KIBLAWAN (DAVAO DEL SUR)
6.70959,125.217675,MATANAO (DAVAO DEL SUR)
6.639175,125.341514,PADADA (DAVAO DEL SUR)
6.833909,125.415247,SANTA CRUZ (DAVAO DEL SUR)
6.600293,125.344039,SULOP (DAVAO DEL SUR)
6.197825,125.694548,DON MARCELINO (DAVAO OCCIDENTAL)
5.912583,125.64437,JOSE ABAD SANTOS (DAVAO OCCIDENTAL)
6.413924,125.610813,MALITA (DAVAO OCCIDENTAL)
6.551132,125.475085,SANTA MARIA (DAVAO OCCIDENTAL)
5.412343,125.421333,SARANGANI (DAVAO OCCIDENTAL)
6.951986,126.216195,CITY OF MATI (DAVAO ORIENTAL)
7.57493,126.561444,BAGANGA (DAVAO ORIENTAL)
6.967247,126.010651,BANAYBANAY (DAVAO ORIENTAL)
7.869827,126.376009,BOSTON (DAVAO ORIENTAL)
7.328502,126.565055,CARAGA (DAVAO ORIENTAL)
7.790298,126.454164,CATEEL (DAVAO ORIENTAL)
6.653559,126.07234,GOVERNOR GENEROSO (DAVAO ORIENTAL)
6.897102,126.011346,LUPON (DAVAO ORIENTAL)
7.210385,126.539193,MANAY (DAVAO ORIENTAL)
6.831501,126.082334,SAN ISIDRO (DAVAO ORIENTAL)
7.049511,126.448173,TARRAGONA (DAVAO ORIENTAL)
10.06544,125.596851,BASILISA (DINAGAT ISLANDS)
9.925939,125.67162,CAGDIANAO (DINAGAT ISLANDS)
9.953974,125.604232,DINAGAT (DINAGAT ISLANDS)
10.196291,125.534374,LIBJO (DINAGAT ISLANDS)
10.359708,125.579031,LORETO (DINAGAT ISLANDS)
10.021175,125.575837,SAN JOSE (DINAGAT ISLANDS)
10.326904,125.560485,TUBAJON (DINAGAT ISLANDS)
11.608132,125.432233,CITY OF BORONGAN (EASTERN SAMAR)
12.269351,125.371225,ARTECHE (EASTERN SAMAR)
11.109166,125.386503,BALANGIGA (EASTERN SAMAR)
11.473004,125.510689,BALANGKAYAN (EASTERN SAMAR)
11.999207,125.449868,CAN-AVID (EASTERN SAMAR)
12.037695,125.483018,DOLORES (EASTERN SAMAR)
11.245948,125.537746,GENERAL MACARTHUR (EASTERN SAMAR)
11.120451,125.450233,GIPORLOS (EASTERN SAMAR)
11.034125,125.722268,GUIUAN (EASTERN SAMAR)
11.345967,125.616607,HERNANI (EASTERN SAMAR)
12.286208,125.234845,JIPAPAD (EASTERN SAMAR)
11.141909,125.302034,LAWAAN (EASTERN SAMAR)
11.413108,125.547677,LLORENTE (EASTERN SAMAR)
12.159306,125.247068,MASLOG (EASTERN SAMAR)
11.501129,125.501766,MAYDOLONG (EASTERN SAMAR)
11.098781,125.710855,MERCEDES (EASTERN SAMAR)
12.140881,125.440089,ORAS (EASTERN SAMAR)
11.157893,125.521183,QUINAPONDAN (EASTERN SAMAR)
11.149272,125.662921,SALCEDO (EASTERN SAMAR)
11.753676,125.454453,SAN JULIAN (EASTERN SAMAR)
12.179823,125.507286,SAN POLICARPO (EASTERN SAMAR)
11.815272,125.453148,SULAT (EASTERN SAMAR)
11.903801,125.418627,TAFT (EASTERN SAMAR)
10.697714,122.647854,BUENAVISTA (GUIMARAS)
10.661374,122.591266,JORDAN (GUIMARAS)
10.525932,122.539791,NUEVA VALENCIA (GUIMARAS)
10.592486,122.690289,SAN LORENZO (GUIMARAS)
10.504621,122.631102,SIBUNAG (GUIMARAS)
16.920902,121.489032,ALFONSO LISTA (IFUGAO)
16.720876,121.069505,ASIPOLO (IFUGAO)
16.978771,121.326395,AGUINALDO (IFUGAO)
16.911372,121.062629,BANAUE (IFUGAO)
16.852365,121.098858,HINGYON (IFUGAO)
16.838471,121.00558,HUNGDUAN (IFUGAO)
16.776774,121.08692,KIANGAN (IFUGAO)
16.798116,121.123928,LAGAWE (IFUGAO)
16.651316,121.218591,LAMUT (IFUGAO)
16.972766,121.221517,MAYOYAO (IFUGAO)
16.674974,120.936732,TINOC (IFUGAO)
18.055716,120.564998,CITY OF BATAC (ILOCOS NORTE)
18.194973,120.592007,CITY OF LAOAG (ILOCOS NORTE)
18.461439,120.901823,ADAMS (ILOCOS NORTE)
18.251907,120.61076,BACARRA (ILOCOS NORTE)
17.926512,120.474504,BADOC (ILOCOS NORTE)
18.537071,120.765173,BANGUI (ILOCOS NORTE)
17.980222,120.654539,BANNA (ILOCOS NORTE)
18.511428,120.644711,BURGOS (ILOCOS NORTE)
18.140327,120.821291,CARASI (ILOCOS NORTE)
18.020248,120.486339,CURRIMAO (ILOCOS NORTE)
18.103237,120.697332,DINGRAS (ILOCOS NORTE)
18.522561,120.80859,DUMALNEG (ILOCOS NORTE)
18.043639,120.678491,MARCOS (ILOCOS NORTE)
17.914729,120.663987,NUEVA ERA (ILOCOS NORTE)
18.559738,120.787524,PAGUDPUD (ILOCOS NORTE)
18.060611,120.521722,PAOAY (ILOCOS NORTE)
18.334304,120.618648,PASUQUIN (ILOCOS NORTE)
18.166456,120.714541,PIDDIG (ILOCOS NORTE)
17.953086,120.527624,PINILI (ILOCOS NORTE)
18.172929,120.593789,SAN NICOLAS (ILOCOS NORTE)
18.158236,120.644164,SARRAT (ILOCOS NORTE)
18.092199,120.772458,SOLSONA (ILOCOS NORTE)
18.230697,120.649147,VINTAR (ILOCOS NORTE)
17.165713,120.4415,CITY OF CANDON (ILOCOS SUR)
17.574996,120.387133,CITY OF VIGAN (ILOCOS SUR)
16.88686,120.530965,ALILEM (ILOCOS SUR)
17.235489,120.478139,BANAYOYO (ILOCOS SUR)
17.581091,120.390477,BANTAY (ILOCOS SUR)
17.333058,120.494557,BURGOS (ILOCOS SUR)
17.794624,120.455541,CABUGAO (ILOCOS SUR)
17.547479,120.383021,CAOAYAN (ILOCOS SUR)
16.990013,120.735189,CERVANTES (ILOCOS SUR)
17.183461,120.468044,GALIMUYOD (ILOCOS SUR)
17.145919,120.611329,GREGORIO DEL PILAR (ILOCOS SUR)
17.268424,120.521986,LIDLIDDA (ILOCOS SUR)
17.685016,120.424555,MAGSINGAL (ILOCOS SUR)
17.446936,120.525451,NAGBUKEL (ILOCOS SUR)
17.418974,120.475461,NARVACAN (ILOCOS SUR)
17.137242,120.677676,QUIRINO (ILOCOS SUR)
17.150997,120.535797,SALCEDO (ILOCOS SUR)
17.237765,120.578546,SAN EMILIO (ILOCOS SUR)
17.329212,120.44523,SAN ESTEBAN (ILOCOS SUR)
17.623893,120.393506,SAN ILDEFONSO (ILOCOS SUR)
17.744769,120.458051,SAN JUAN (ILOCOS SUR)
17.593155,120.37464,SAN VICENTE (ILOCOS SUR)
17.486028,120.43447,SANTA (ILOCOS SUR)
17.589051,120.364023,SANTA CATALINA (ILOCOS SUR)
17.0839,120.450112,SANTA CRUZ (ILOCOS SUR)
17.115908,120.448847,SANTA LUCIA (ILOCOS SUR)
17.367648,120.481471,SANTA MARIA (ILOCOS SUR)
17.294147,120.445832,SANTIAGO (ILOCOS SUR)
17.638948,120.410074,SANTO DOMINGO (ILOCOS SUR)
17.079525,120.609629,SIGAY (ILOCOS SUR)
17.865605,120.456893,SINAIT (ILOCOS SUR)
16.843797,120.514795,SUGPON (ILOCOS SUR)
16.983677,120.513823,SUYO (ILOCOS SUR)
16.933739,120.445167,TAGUDIN (ILOCOS SUR)
10.693295,122.573322,CITY OF ILOILO (ILOILO)
11.117368,122.646285,CITY OF PASSI (ILOILO)
11.171316,123.019931,AJUY (ILOILO)
10.815923,122.431853,ALIMODIAN (ILOILO)
10.977944,122.750775,ANILAO (ILOILO)
10.986021,122.536932,BADIANGAN (ILOILO)
11.472202,123.088507,BALASAN (ILOILO)
11.00074,122.818638,BANATE (ILOILO)
10.897069,122.694711,BAROTAC NUEVO (ILOILO)
11.043384,122.85071,BAROTAC VIEJO (ILOILO)
11.417695,123.110132,BATAD (ILOILO)
11.23302,122.566972,BINGAWAN (ILOILO)
10.879775,122.480925,CABATUAN (ILOILO)
11.122486,122.536682,CALINOG (ILOILO)
11.573682,123.133145,CARLES (ILOILO)
11.21481,123.109212,CONCEPCION (ILOILO)
10.999307,122.671714,DINGLE (ILOILO)
11.064537,122.617351,DUE√±AS (ILOILO)
10.820389,122.712017,DUMANGAS (ILOILO)
11.457006,123.150982,ESTANCIA (ILOILO)
10.660797,122.323443,GUIMBAL (ILOILO)
10.716247,122.265476,IGBARAS (ILOILO)
10.94938,122.500933,JANIUAY (ILOILO)
11.054802,122.475352,LAMBUNAO (ILOILO)
10.785071,122.590102,LEGANES (ILOILO)
11.225596,122.928565,LEMERY (ILOILO)
10.780331,122.387198,LEON (ILOILO)
10.890741,122.434373,MAASIN (ILOILO)
10.640851,122.235097,MIAGAO (ILOILO)
10.930422,122.57391,MINA (ILOILO)
10.879159,122.597625,NEW LUCENA (ILOILO)
10.692104,122.477803,OTON (ILOILO)
10.775018,122.542187,PAVIA (ILOILO)
10.942947,122.637769,POTOTAN (ILOILO)
11.271075,123.094775,SAN DIONISIO (ILOILO)
11.071672,122.656175,SAN ENRIQUE (ILOILO)
10.586671,122.142121,SAN JOAQUIN (ILOILO)
10.780726,122.46483,SAN MIGUEL (ILOILO)
11.176409,122.828217,SAN RAFAEL (ILOILO)
10.827451,122.531315,SANTA BARBARA (ILOILO)
11.257224,123.014105,SARA (ILOILO)
10.674019,122.376645,TIGBAUAN (ILOILO)
10.765422,122.318175,TUBUNGAN (ILOILO)
10.82269,122.608968,ZARRAGA (ILOILO)
16.934671,121.774369,CITY OF CAUAYAN (ISABELA)
17.143212,121.888742,CITY OF ILAGAN (ISABELA)
16.704044,121.558451,CITY OF SANTIAGO (ISABELA)
16.778286,121.695722,ALICIA (ISABELA)
16.757174,121.74791,ANGADANAN (ISABELA)
16.990675,121.635589,AURORA (ISABELA)
16.987804,121.958274,BENITO SOLIVEN (ISABELA)
17.088695,121.703137,BURGOS (ISABELA)
17.426173,121.764889,CABAGAN (ISABELA)
16.95306,121.669158,CABATUAN (ISABELA)
16.670741,121.467302,CORDON (ISABELA)
17.304485,121.778573,DELFIN ALBANO (ISABELA)
16.525522,122.262338,DINAPIGUE (ISABELA)
17.327789,122.296666,DIVILACAN (ISABELA)
16.716338,121.684349,ECHAGUE (ISABELA)
17.047383,121.833553,GAMU (ISABELA)
16.561365,121.702043,JONES (ISABELA)
16.968203,121.729125,LUNA (ISABELA)
17.386967,122.237789,MACONACON (ISABELA)
17.211495,121.611409,MALLIG (ISABELA)
17.017939,121.852202,NAGUILIAN (ISABELA)
17.063088,122.429103,PALANAN (ISABELA)
17.311851,121.60441,QUEZON (ISABELA)
17.129683,121.718575,QUIRINO (ISABELA)
16.78134,121.534792,RAMON (ISABELA)
16.992614,121.811723,REINA MERCEDES (ISABELA)
17.120892,121.619476,ROXAS (ISABELA)
16.508036,121.746921,SAN AGUSTIN (ISABELA)
16.721212,121.809457,SAN GUILLERMO (ISABELA)
16.733942,121.63423,SAN ISIDRO (ISABELA)
17.028396,121.629737,SAN MANUEL (ISABELA)
16.983858,122.000264,SAN MARIANO (ISABELA)
17.448479,121.794964,3466 (SAN PABLO)
16.882131,121.584701,SAN MATEO (ISABELA)
17.469312,121.751852,SANTA MARIA (ISABELA)
17.399319,121.76644,SANTO TOMAS (ISABELA)
17.274687,121.807896,TUMAUINI (ISABELA)
17.471483,121.466556,CITY OF TABUK (KALINGA)
17.501345,121.200697,BALBALAN (KALINGA)
17.351244,121.17489,LUBUAGAN (KALINGA)
17.389473,121.159926,PASIL (KALINGA)
17.614199,121.41158,PINUKPUK (KALINGA)
17.500922,121.584192,RIZAL (KALINGA)
17.28145,121.230217,TANUDAN (KALINGA)
17.265212,121.148694,TINGLAYAN (KALINGA)
16.616808,120.317307,CITY OF SAN FERNANDO (LA UNION)
16.323638,120.366643,AGOO (LA UNION)
16.39511,120.353883,ARINGAY (LA UNION)
16.71989,120.352402,BACNOTAN (LA UNION)
16.607829,120.43806,BAGULIN (LA UNION)
16.822168,120.402576,BALAOAN (LA UNION)
16.893879,120.422725,BANGAR (LA UNION)
16.526433,120.329578,BAUANG (LA UNION)
16.521197,120.455647,BURGOS (LA UNION)
16.430861,120.344411,CABA (LA UNION)
16.853266,120.378277,LUNA (LA UNION)
16.531508,120.394048,NAGUILIAN (LA UNION)
16.320378,120.467884,PUGO (LA UNION)
16.229815,120.486911,ROSARIO (LA UNION)
16.67405,120.401767,SAN GABRIEL (LA UNION)
16.670127,120.337474,SAN JUAN (LA UNION)
16.284388,120.390528,SANTO TOMAS (LA UNION)
16.771695,120.459491,SANTOL (LA UNION)
16.905017,120.462426,SUDIPEN (LA UNION)
16.346209,120.413388,TUBAO (LA UNION)
14.315144,121.079711,CITY OF BI√±AN (LAGUNA)
14.27152,121.124336,CITY OF CABUYAO (LAGUNA)
14.194025,121.159827,CITY OF CALAMBA (LAGUNA)
14.074527,121.324608,CITY OF SAN PABLO (LAGUNA)
14.363037,121.060497,CITY OF SAN PEDRO (LAGUNA)
14.314468,121.113742,CITY OF SANTA ROSA (LAGUNA)
14.065342,121.246503,ALAMINOS (LAGUNA)
14.180674,121.284766,BAY (LAGUNA)
14.146639,121.314651,CALAUAN (LAGUNA)
14.245389,121.506571,CAVINTI (LAGUNA)
14.437784,121.447751,FAMY (LAGUNA)
14.327548,121.480334,KALAYAAN (LAGUNA)
14.130599,121.436004,LILIW (LAGUNA)
14.176948,121.222031,LOS BA√±OS (LAGUNA)
14.185391,121.509532,LUISIANA (LAGUNA)
14.297014,121.459367,LUMBAN (LAGUNA)
14.42552,121.429594,MABITAC (LAGUNA)
14.200176,121.429433,MAGDALENA (LAGUNA)
14.14671,121.470632,MAJAYJAY (LAGUNA)
14.133254,121.41507,NAGCARLAN (LAGUNA)
14.364146,121.481339,PAETE (LAGUNA)
14.272433,121.455784,PAGSANJAN (LAGUNA)
14.381107,121.478706,PAKIL (LAGUNA)
14.402712,121.46852,PANGIL (LAGUNA)
14.235125,121.363944,PILA (LAGUNA)
14.109892,121.393472,RIZAL (LAGUNA)
14.281699,121.414432,SANTA CRUZ (LAGUNA)
14.470279,121.423346,SANTA MARIA (LAGUNA)
14.421539,121.445886,SINILOAN (LAGUNA)
14.227218,121.327958,VICTORIA (LAGUNA)
8.226036,124.251804,CITY OF ILIGAN (LANAO DEL NORTE)
8.189294,124.023774,BACOLOD (LANAO DEL NORTE)
8.127559,124.209109,BALOI (LANAO DEL NORTE)
8.026158,123.778474,BAROY (LANAO DEL NORTE)
7.899358,123.768297,KAPATAGAN (LANAO DEL NORTE)
8.189357,124.086713,KAUSWAGAN (LANAO DEL NORTE)
8.114891,123.90237,KOLAMBUGAN (LANAO DEL NORTE)
7.964141,123.775551,LALA (LANAO DEL NORTE)
8.183414,124.163465,LINAMON (LANAO DEL NORTE)
8.159741,123.960358,MAIGO (LANAO DEL NORTE)
8.034904,123.914736,MAGSAYSAY (LANAO DEL NORTE)
8.134358,124.167597,MATUNGAO (LANAO DEL NORTE)
7.972056,124.061361,MUNAI (LANAO DEL NORTE)
7.788214,123.908967,NUNUNGAN (LANAO DEL NORTE)
8.034365,124.141398,PANTAO RAGAT (LANAO DEL NORTE)
8.064707,124.263429,PANTAR (LANAO DEL NORTE)
8.078705,124.052729,POONA PIAGAPO (LANAO DEL NORTE)
7.903884,123.841361,SALVADOR (LANAO DEL NORTE)
7.844874,123.836452,SAPAD (LANAO DEL NORTE)
7.795262,123.718591,SULTAN NAGA DIMAPORO (LANAO DEL NORTE)
8.127077,124.277968,TAGOLOAN (LANAO DEL NORTE)
8.046308,123.943415,TANGCAL (LANAO DEL NORTE)
8.05502,123.792513,TUBOD (LANAO DEL NORTE)
8.001211,124.284497,CITY OF MARAWI (LANAO DEL SUR)
7.785223,124.682328,AMAI MANABILANG (LANAO DEL SUR)
7.860084,124.144043,BACOLOD-KALAWI (LANAO DEL SUR)
7.508095,124.128144,BALABAGAN (LANAO DEL SUR)
7.915661,124.20531,BALINDONG (LANAO DEL SUR)
7.799374,124.197398,BAYANG (LANAO DEL SUR)
7.795313,124.166221,BINIDAYAN (LANAO DEL SUR)
7.949673,124.378836,BUADIPOSO-BUNTONG (LANAO DEL SUR)
7.982769,124.385407,BUBONG (LANAO DEL SUR)
7.742758,124.314665,BUTIG (LANAO DEL SUR)
7.737418,124.081687,CALANOGAS (LANAO DEL SUR)
7.978963,124.355014,DITSAAN-RAMAIN (LANAO DEL SUR)
7.826574,124.103752,GANASSI (LANAO DEL SUR)
8.063603,124.36165,KAPAI (LANAO DEL SUR)
7.541499,124.213666,KAPATAGAN (LANAO DEL SUR)
7.865487,124.369772,LUMBA-BAYABAO (LANAO DEL SUR)
7.753558,124.203272,LUMBACA-UNAYAN (LANAO DEL SUR)
7.785657,124.258127,LUMBATAN (LANAO DEL SUR)
7.783524,124.282553,LUMBAYANAGUE (LANAO DEL SUR)
7.854737,124.114338,MADALUM (LANAO DEL SUR)
7.858607,124.049818,MADAMBA (LANAO DEL SUR)
7.889311,124.371435,MAGUING (LANAO DEL SUR)
7.593184,124.068618,MALABANG (LANAO DEL SUR)
7.974373,124.260267,MARANTAO (LANAO DEL SUR)
7.677502,124.150061,MAROGONG (LANAO DEL SUR)
7.818315,124.332108,MASIU (LANAO DEL SUR)
7.916712,124.361648,MULONDO (LANAO DEL SUR)
7.767876,124.085876,PAGAYAWAN (LANAO DEL SUR)
8.010721,124.237141,PIAGAPO (LANAO DEL SUR)
7.669305,123.967048,PICONG (LANAO DEL SUR)
7.835625,124.359999,POONA BAYABAO (LANAO DEL SUR)
7.820836,124.080256,PUALAS (LANAO DEL SUR)
8.034361,124.26898,SAGUIARAN (LANAO DEL SUR)
7.711568,124.250479,SULTAN DUMALONDONG (LANAO DEL SUR)
8.079673,124.410076,TAGOLOAN II (LANAO DEL SUR)
7.876936,124.325751,TAMPARAN (LANAO DEL SUR)
7.900069,124.33457,TARAKA (LANAO DEL SUR)
7.690521,124.081581,TUBARAN (LANAO DEL SUR)
7.8819,124.176607,TUGAYA (LANAO DEL SUR)
7.638338,124.723333,WAO (LANAO DEL SUR)
10.676912,124.798125,CITY OF BAYBAY (LEYTE)
11.013035,124.604613,CITY OF ORMOC (LEYTE)
11.243607,125.007918,CITY OF TACLOBAN (LEYTE)
10.746849,125.01288,ABUYOG (LEYTE)
11.207221,124.846836,ALANGALANG (LEYTE)
10.917045,124.694539,ALBUERA (LEYTE)
11.420776,124.843408,BABATNGON (LEYTE)
11.32556,124.734805,BARUGO (LEYTE)
10.327683,124.790619,BATO (LEYTE)
10.974518,124.892208,BURAUEN (LEYTE)
11.447663,124.425436,CALUBIAN (LEYTE)
11.293408,124.643013,CAPOOCAN (LEYTE)
11.301956,124.685088,CARIGARA (LEYTE)
11.065479,124.902639,DAGAMI (LEYTE)
10.953682,125.033727,DULAG (LEYTE)
10.372927,124.748414,HILONGOS (LEYTE)
10.433888,124.729873,HINDANG (LEYTE)
10.501067,124.739453,INOPACAN (LEYTE)
10.926481,124.434662,ISABEL (LEYTE)
11.189414,124.782979,JARO (LEYTE)
10.794205,124.935976,JAVIER (LEYTE)
10.973054,124.962228,JULITA (LEYTE)
11.183706,124.561958,KANANGA (LEYTE)
10.890938,124.958053,LA PAZ (LEYTE)
11.370973,124.486805,LEYTE (LEYTE)
10.834552,124.997799,MACARTHUR (LEYTE)
10.605511,124.965075,MAHAPLAG (LEYTE)
11.147946,124.470687,MATAG-OB (LEYTE)
10.282204,124.785185,MATALOM (LEYTE)
10.903427,125.005662,MAYORGA (LEYTE)
10.907923,124.537663,MERIDA (LEYTE)
11.160164,124.990149,PALO (LEYTE)
11.048072,124.382258,PALOMPON (LEYTE)
11.136724,124.886687,PASTRANA (LEYTE)
11.40614,124.350488,SAN ISIDRO (LEYTE)
11.290944,124.832615,SAN MIGUEL (LEYTE)
11.185763,124.91756,SANTA FE (LEYTE)
11.307434,124.370461,TABANGO (LEYTE)
11.042021,124.964529,TABONTABON (LEYTE)
11.110681,125.016362,TANAUAN (LEYTE)
11.06328,125.038063,TOLOSA (LEYTE)
11.245843,124.750579,TUNGA (LEYTE)
11.20906,124.392543,VILLABA (LEYTE)
7.197242,124.234607,CITY OF COTABATO (MAGUINDANAO)
6.831837,124.45672,AMPATUAN (MAGUINDANAO)
7.470786,124.356213,BARIRA (MAGUINDANAO)
7.514479,124.370571,BULDON (MAGUINDANAO)
6.712884,124.79509,BULUAN (MAGUINDANAO)
6.751466,124.491516,DATU ABDULLAH SANGKI (MAGUINDANAO)
6.926584,124.317044,DATU ANGGAL MIDTIMBANG (MAGUINDANAO)
7.067929,124.01928,DATU BLAH T. SINSUAT (MAGUINDANAO)
6.85808,124.42524,DATU HOFFER AMPATUAN (MAGUINDANAO)
7.076749,124.748534,DATU MONTAWAL (MAGUINDANAO)
7.023215,124.315413,DATU ODIN SINSUAT (MAGUINDANAO)
6.746125,124.869896,DATU PAGLAS (MAGUINDANAO)
7.027542,124.506054,DATU PIANG (MAGUINDANAO)
6.976156,124.481546,DATU SALIBU (MAGUINDANAO)
6.926409,124.415025,DATU SAUDI-AMPATUAN (MAGUINDANAO)
6.910726,124.48368,DATU UNSAY (MAGUINDANAO)
6.827391,124.7542,GENERAL SALIPADA K. PENDATUN (MAGUINDANAO)
6.976205,124.386174,GUINDULUNGAN (MAGUINDANAO)
7.118283,124.364035,KABUNTALAN (MAGUINDANAO)
6.893204,124.500642,MAMASAPANO (MAGUINDANAO)
6.646725,124.785773,MANGUDADATU (MAGUINDANAO)
7.46667,124.258922,MATANOG (MAGUINDANAO)
7.201424,124.476401,NORTHERN KABUNTALAN (MAGUINDANAO)
7.060919,124.699126,PAGALUNGAN (MAGUINDANAO)
6.78101,124.784838,PAGLAT (MAGUINDANAO)
6.740983,124.782715,PANDAG (MAGUINDANAO)
7.374437,124.268524,PARANG (MAGUINDANAO)
7.374437,124.268524,RAJAH BUAYAN (MAGUINDANAO)
6.864139,124.438971,SHARIFF AGUAK (MAGUINDANAO)
6.884917,124.491247,SHARIFF SAYDONA MUSTAPHA (MAGUINDANAO)
6.855081,124.145534,SOUTH UPI (MAGUINDANAO)
7.271396,124.291543,SULTAN KUDARAT (MAGUINDANAO)
7.297585,124.285297,SULTAN MASTURA (MAGUINDANAO)
6.87624,124.603385,SULTAN SA BARONGIS (MAGUINDANAO)
7.035094,124.374127,SULTAN SUMAGKA (MAGUINDANAO)
6.984518,124.356424,TALAYAN (MAGUINDANAO)
7.010374,124.159622,UPI (MAGUINDANAO)
13.446629,121.841671,BOAC (MARINDUQUE)
13.256328,121.943217,BUENAVISTA (MARINDUQUE)
13.32414,121.846503,GASAN (MARINDUQUE)
13.473888,121.860502,MOGPOG (MARINDUQUE)
13.476132,122.028326,SANTA CRUZ (MARINDUQUE)
13.32087,122.086073,TORRIJOS (MARINDUQUE)
12.371531,123.622318,CITY OF MASBATE (MASBATE)
12.512506,123.398949,AROROY (MASBATE)
12.471615,123.49719,BALENO (MASBATE)
12.039809,123.191792,BALUD (MASBATE)
12.42075,123.780459,BATUAN (MASBATE)
11.999363,123.997542,CATAINGAN (MASBATE)
11.930247,123.768985,CAWAYAN (MASBATE)
12.901641,123.246735,CLAVERIA (MASBATE)
12.192394,123.857046,DIMASALANG (MASBATE)
11.736822,124.041752,ESPERANZA (MASBATE)
12.226687,123.285829,MANDAON (MASBATE)
12.244145,123.515162,MILAGROS (MASBATE)
12.335183,123.657796,MOBO (MASBATE)
12.642612,123.66372,MONREAL (MASBATE)
12.146608,123.924193,PALANAS (MASBATE)
11.883628,124.049819,PIO V. CORPUZ (MASBATE)
11.8711,123.918374,PLACER (MASBATE)
12.483798,123.762633,SAN FERNANDO (MASBATE)
12.570192,123.733673,SAN JACINTO (MASBATE)
13.128736,122.977526,SAN PASCUAL (MASBATE)
12.225073,123.786577,USON (MASBATE)
14.648868,120.990631,CITY OF CALOOCAN (NATIONAL CAPITAL REGION)
14.449702,120.9826,CITY OF LAS PIÑAS (NATIONAL CAPITAL REGION)
14.570525,121.02743,CITY OF MAKATI (NATIONAL CAPITAL REGION)
14.65775,120.950888,CITY OF MALABON (NATIONAL CAPITAL REGION)
14.57774,121.033764,CITY OF MANDALUYONG (NATIONAL CAPITAL REGION)
14.589496,120.981622,CITY OF MANILA (NATIONAL CAPITAL REGION)
14.633029,121.09897,CITY OF MARIKINA (NATIONAL CAPITAL REGION)
14.395013,121.044261,CITY OF MUNTINLUPA (NATIONAL CAPITAL REGION)
14.658122,120.947834,CITY OF NAVOTAS (NATIONAL CAPITAL REGION)
14.470569,121.022864,CITY OF PARA√ëAQUE (NATIONAL CAPITAL REGION)
14.543831,120.995153,PASAY CITY (NATIONAL CAPITAL REGION)
14.559596,121.081279,CITY OF PASIG (NATIONAL CAPITAL REGION)
14.542046,121.064653,PATEROS (NATIONAL CAPITAL REGION)
14.646425,121.050208,QUEZON CITY (NATIONAL CAPITAL REGION)
14.605024,121.029792,CITY OF SAN JUAN (NATIONAL CAPITAL REGION)
14.528945,121.069887,CITY OF TAGUIG (NATIONAL CAPITAL REGION)
14.691744,120.969542,CITY OF VALENZUELA (NATIONAL CAPITAL REGION)
8.485424,123.808201,CITY OF OROQUIETA (MISAMIS OCCIDENTAL)
8.151047,123.850237,CITY OF OZAMIS (MISAMIS OCCIDENTAL)
8.06108,123.751448,CITY OF TANGUB (MISAMIS OCCIDENTAL)
8.415825,123.820985,ALORAN (MISAMIS OCCIDENTAL)
8.660114,123.603018,BALIANGAO (MISAMIS OCCIDENTAL)
8.052748,123.613959,BONIFACIO (MISAMIS OCCIDENTAL)
8.560506,123.643834,CALAMBA (MISAMIS OCCIDENTAL)
8.200016,123.862144,CLARIN (MISAMIS OCCIDENTAL)
8.420922,123.604892,CONCEPCION (MISAMIS OCCIDENTAL)
8.247232,123.568571,DON VICTORIANO CHIONGBIAN (MISAMIS OCCIDENTAL)
8.335182,123.840174,JIMENEZ (MISAMIS OCCIDENTAL)
8.551418,123.767876,LOPEZ JAENA (MISAMIS OCCIDENTAL)
8.365302,123.838348,PANAON (MISAMIS OCCIDENTAL)
8.621431,123.709888,PLARIDEL (MISAMIS OCCIDENTAL)
8.542368,123.567626,SAPANG DALAGA (MISAMIS OCCIDENTAL)
8.285235,123.842628,SINACABAN (MISAMIS OCCIDENTAL)
8.241419,123.847456,TUDELA (MISAMIS OCCIDENTAL)
8.476373,124.641533,CITY OF CAGAYAN DE ORO (MISAMIS ORIENTAL)
8.558847,124.526415,CITY OF EL SALVADOR (MISAMIS ORIENTAL)
8.816369,125.103532,CITY OF GINGOOG (MISAMIS ORIENTAL)
8.570742,124.473084,ALUBIJID (MISAMIS ORIENTAL)
8.742405,124.774633,BALINGASAG (MISAMIS ORIENTAL)
9.003995,124.850566,BALINGOAN (MISAMIS ORIENTAL)
8.921831,124.785569,BINUANGAN (MISAMIS ORIENTAL)
8.611757,124.893731,CLAVERIA (MISAMIS ORIENTAL)
8.593954,124.40587,GITAGUM (MISAMIS ORIENTAL)
8.498583,124.304132,INITAO (MISAMIS ORIENTAL)
8.651692,124.755833,JASAAN (MISAMIS ORIENTAL)
8.983586,124.79138,KINOGUITAN (MISAMIS ORIENTAL)
8.806107,124.787926,LAGONGLONG (MISAMIS ORIENTAL)
8.573572,124.442405,LAGUINDINGAN (MISAMIS ORIENTAL)
8.56296,124.352037,LIBERTAD (MISAMIS ORIENTAL)
8.343212,124.2595,LUGAIT (MISAMIS ORIENTAL)
9.019786,125.182551,MAGSAYSAY (MISAMIS ORIENTAL)
8.403995,124.288099,MANTICAO (MISAMIS ORIENTAL)
8.911689,125.024838,MEDINA (MISAMIS ORIENTAL)
8.433667,124.29041,NAAWAN (MISAMIS ORIENTAL)
8.521335,124.574363,OPOL (MISAMIS ORIENTAL)
8.858195,124.786264,SALAY (MISAMIS ORIENTAL)
8.956523,124.787895,SUGBONGCOGON (MISAMIS ORIENTAL)
8.539442,124.753765,TAGOLOAN (MISAMIS ORIENTAL)
8.995312,124.883965,TALISAYAN (MISAMIS ORIENTAL)
8.589487,124.772606,VILLANUEVA (MISAMIS ORIENTAL)
17.041459,121.099554,BARLIG (MOUNTAIN PROVINCE)
16.98171,120.858093,BAUKO (MOUNTAIN PROVINCE)
17.095225,120.856026,BESAO (MOUNTAIN PROVINCE)
17.086358,120.976914,BONTOC (MOUNTAIN PROVINCE)
17.109937,121.279428,NATONIN (MOUNTAIN PROVINCE)
17.181302,121.403558,PARACELIS (MOUNTAIN PROVINCE)
17.005684,120.922212,SABANGAN (MOUNTAIN PROVINCE)
17.168183,121.02639,SADANGA (MOUNTAIN PROVINCE)
17.084409,120.900481,SAGADA (MOUNTAIN PROVINCE)
16.995794,120.821832,TADIAN (MOUNTAIN PROVINCE)
10.658872,122.966364,CITY OF BACOLOD (NEGROS OCCIDENTAL)
10.538179,122.835084,CITY OF BAGO (NEGROS OCCIDENTAL)
10.955671,123.310659,CITY OF CADIZ (NEGROS OCCIDENTAL)
10.843307,123.497008,CITY OF ESCALANTE (NEGROS OCCIDENTAL)
10.129283,122.870744,CITY OF HIMAMAYLAN (NEGROS OCCIDENTAL)
10.003977,122.805934,CITY OF KABANKALAN (NEGROS OCCIDENTAL)
10.426894,122.921413,CITY OF LA CARLOTA (NEGROS OCCIDENTAL)
10.876779,123.408504,CITY OF SAGAY (NEGROS OCCIDENTAL)
10.49296,123.409427,CITY OF SAN CARLOS (NEGROS OCCIDENTAL)
10.800807,122.975072,CITY OF SILAY (NEGROS OCCIDENTAL)
9.768901,122.432316,CITY OF SIPALAY (NEGROS OCCIDENTAL)
10.747756,122.979183,CITY OF TALISAY (NEGROS OCCIDENTAL)
10.90084,123.071475,CITY OF VICTORIAS (NEGROS OCCIDENTAL)
10.193923,122.85874,BINALBAGAN (NEGROS OCCIDENTAL)
10.593771,123.480415,CALATRAVA (NEGROS OCCIDENTAL)
9.831104,122.643001,CANDONI (NEGROS OCCIDENTAL)
9.973539,122.625996,CAUAYAN (NEGROS OCCIDENTAL)
10.879042,122.978272,ENRIQUE B. MAGALONA (NEGROS OCCIDENTAL)
10.270738,122.852805,HINIGARAN (NEGROS OCCIDENTAL)
9.601797,122.466813,HINOBA-AN (NEGROS OCCIDENTAL)
10.024085,122.769296,ILOG (NEGROS OCCIDENTAL)
10.205424,122.989149,ISABELA (NEGROS OCCIDENTAL)
10.32339,123.018582,LA CASTELLANA (NEGROS OCCIDENTAL)
10.957813,123.123745,MANAPLA (NEGROS OCCIDENTAL)
10.26982,123.074292,MOISES PADILLA (NEGROS OCCIDENTAL)
10.605951,123.040495,MURCIA (NEGROS OCCIDENTAL)
10.376083,122.866583,PONTEVEDRA (NEGROS OCCIDENTAL)
10.52002,122.804083,PULUPANDAN (NEGROS OCCIDENTAL)
10.577653,123.220686,SALVADOR BENEDICTO (NEGROS OCCIDENTAL)
10.419735,122.849712,SAN ENRIQUE (NEGROS OCCIDENTAL)
10.714868,123.515695,TOBOSO (NEGROS OCCIDENTAL)
10.461606,122.822844,VALLADOLID (NEGROS OCCIDENTAL)
9.591717,123.122216,CITY OF BAIS (NEGROS ORIENTAL)
9.383886,122.789176,CITY OF BAYAWAN (NEGROS ORIENTAL)
10.386235,123.216505,CITY OF CANLAON (NEGROS ORIENTAL)
9.304964,123.309665,CITY OF DUMAGUETE (NEGROS ORIENTAL)
10.119907,123.272689,CITY OF GUIHULNGAN (NEGROS ORIENTAL)
9.515837,123.156035,CITY OF TANJAY (NEGROS ORIENTAL)
9.859118,123.143143,AYUNGON (NEGROS ORIENTAL)
9.464161,123.223054,AMLAN (NEGROS ORIENTAL)
9.245152,123.295857,BACONG (NEGROS ORIENTAL)
9.408293,122.63961,BASAY (NEGROS ORIENTAL)
9.764223,123.143732,BINDOY (NEGROS ORIENTAL)
9.189387,123.26621,DAUIN (NEGROS ORIENTAL)
9.979146,123.200079,JIMALALUD (NEGROS ORIENTAL)
10.025851,123.235025,LA LIBERTAD (NEGROS ORIENTAL)
9.735632,122.926709,MABINAY (NEGROS ORIENTAL)
9.6788,123.14885,MANJUYOD (NEGROS ORIENTAL)
9.473567,123.121075,PAMPLONA (NEGROS ORIENTAL)
9.413911,123.241501,SAN JOSE (NEGROS ORIENTAL)
9.333414,122.862688,SANTA CATALINA (NEGROS ORIENTAL)
9.061844,123.033849,SIATON (NEGROS ORIENTAL)
9.35898,123.284779,SIBULAN (NEGROS ORIENTAL)
9.922473,123.171584,TAYASAN (NEGROS ORIENTAL)
9.280664,123.243865,VALENCIA (NEGROS ORIENTAL)
10.335507,123.326424,VALLEHERMOSO (NEGROS ORIENTAL)
9.09971,123.200301,ZAMBOANGUITA (NEGROS ORIENTAL)
12.500468,124.282612,ALLEN (NORTHERN SAMAR)
12.680216,124.362138,BIRI (NORTHERN SAMAR)
12.527466,124.563105,BOBON (NORTHERN SAMAR)
12.423244,124.182031,CAPUL (NORTHERN SAMAR)
12.499083,124.637769,CATARMAN (NORTHERN SAMAR)
12.408432,125.053233,CATUBIG (NORTHERN SAMAR)
12.385292,125.298447,GAMAY (NORTHERN SAMAR)
12.569714,125.010698,LAOANG (NORTHERN SAMAR)
12.318272,125.301247,LAPINIG (NORTHERN SAMAR)
12.338193,125.031132,LAS NAVAS (NORTHERN SAMAR)
12.534579,124.330224,LAVEZARES (NORTHERN SAMAR)
12.298241,124.623509,LOPE DE VEGA (NORTHERN SAMAR)
12.475298,125.254059,MAPANAS (NORTHERN SAMAR)
12.517519,124.7514,MONDRAGON (NORTHERN SAMAR)
12.545804,125.115656,PALAPAG (NORTHERN SAMAR)
12.562954,124.926636,PAMBUJAN (NORTHERN SAMAR)
12.523359,124.425209,ROSARIO (NORTHERN SAMAR)
12.413177,124.279079,SAN ANTONIO (NORTHERN SAMAR)
12.385609,124.330726,SAN ISIDRO (NORTHERN SAMAR)
12.528081,124.487875,SAN JOSE (NORTHERN SAMAR)
12.539389,124.875881,SAN ROQUE (NORTHERN SAMAR)
12.274546,124.099471,SAN VICENTE (NORTHERN SAMAR)
12.325329,124.846759,SILVINO LOBOS (NORTHERN SAMAR)
12.446708,124.314249,VICTORIA (NORTHERN SAMAR)
15.470819,120.951926,CITY OF CABANATUAN (NUEVA ECIJA)
15.293731,120.948569,CITY OF GAPAN (NUEVA ECIJA)
15.713184,120.903928,SCIENCE CITY OF MU√±OZ (NUEVA ECIJA)
15.56347,121.100324,CITY OF PALAYAN (NUEVA ECIJA)
15.792329,120.98881,CITY OF SAN JOSE (NUEVA ECIJA)
15.500304,120.844343,ALIAGA (NUEVA ECIJA)
15.627455,121.145089,BONGABON (NUEVA ECIJA)
15.252417,120.860252,CABIAO (NUEVA ECIJA)
15.960346,121.063075,CARRANGLAN (NUEVA ECIJA)
15.778729,120.663963,CUYAPO (NUEVA ECIJA)
15.455879,121.337733,GABALDON (NUEVA ECIJA)
15.602649,121.050114,GENERAL MAMERTO NATIVIDAD (NUEVA ECIJA)
15.349975,121.045877,GENERAL TINIO (NUEVA ECIJA)
15.660469,120.76693,GUIMBA (NUEVA ECIJA)
15.337617,120.905474,JAEN (NUEVA ECIJA)
15.571965,121.168391,LAUR (NUEVA ECIJA)
15.539983,120.762376,LICAB (NUEVA ECIJA)
15.662196,121.019082,LLANERA (NUEVA ECIJA)
15.877271,120.898839,LUPAO (NUEVA ECIJA)
15.734168,120.635493,NAMPICUAN (NUEVA ECIJA)
15.807999,121.143137,PANTABANGAN (NUEVA ECIJA)
15.365168,121.014153,PE√±ARANDA (NUEVA ECIJA)
15.55152,120.814756,QUEZON (NUEVA ECIJA)
15.707946,121.101872,RIZAL (NUEVA ECIJA)
15.306756,120.856795,SAN ANTONIO (NUEVA ECIJA)
15.309525,120.906903,SAN ISIDRO (NUEVA ECIJA)
15.361799,120.94072,SAN LEONARDO (NUEVA ECIJA)
15.424278,120.939576,SANTA ROSA (NUEVA ECIJA)
15.582917,120.87748,SANTO DOMINGO (NUEVA ECIJA)
15.584277,120.918328,TALAVERA (NUEVA ECIJA)
15.777141,120.807712,TALUGTUG (NUEVA ECIJA)
15.449274,120.793209,ZARAGOZA (NUEVA ECIJA)
15.793534,121.302568,ALFONSO CASTA√±EDA (NUEVA VIZCAYA)
16.531602,121.028334,AMBAGUIO (NUEVA VIZCAYA)
16.294631,121.033745,ARITAO (NUEVA VIZCAYA)
16.60738,121.253309,BAGABAG (NUEVA VIZCAYA)
16.384547,121.105717,BAMBANG (NUEVA VIZCAYA)
16.482753,121.150803,BAYOMBONG (NUEVA VIZCAYA)
16.660519,121.369251,DIADI (NUEVA VIZCAYA)
16.307468,121.101915,DUPAX DEL NORTE (NUEVA VIZCAYA)
16.283683,121.091264,DUPAX DEL SUR (NUEVA VIZCAYA)
16.314616,121.293612,KASIBU (NUEVA VIZCAYA)
16.358841,121.293607,KAYAPA (NUEVA VIZCAYA)
16.489145,121.26402,QUEZON (NUEVA VIZCAYA)
16.159178,120.938009,SANTA FE (NUEVA VIZCAYA)
16.522869,121.192516,SOLANO (NUEVA VIZCAYA)
16.590648,121.186653,VILLAVERDE (NUEVA VIZCAYA)
13.444794,120.726036,ABRA DE ILOG (OCCIDENTAL MINDORO)
12.571483,120.940247,CALINTAAN (OCCIDENTAL MINDORO)
13.719274,120.25047,LOOC (OCCIDENTAL MINDORO)
13.858669,120.122928,LUBANG (OCCIDENTAL MINDORO)
12.311653,121.144786,MAGSAYSAY (OCCIDENTAL MINDORO)
13.226471,120.594671,MAMBURAO (OCCIDENTAL MINDORO)
13.416651,120.464021,PALUAN (OCCIDENTAL MINDORO)
12.459551,120.964026,RIZAL (OCCIDENTAL MINDORO)
12.843832,120.780123,SABLAYAN (OCCIDENTAL MINDORO)
12.352624,121.067748,SAN JOSE (OCCIDENTAL MINDORO)
13.083387,120.719172,SANTA CRUZ (OCCIDENTAL MINDORO)
13.37911,121.182923,CITY OF CALAPAN (ORIENTAL MINDORO)
13.359373,121.096774,BACO (ORIENTAL MINDORO)
12.864532,121.456589,BANSUD (ORIENTAL MINDORO)
12.747379,121.488589,BONGABONG (ORIENTAL MINDORO)
12.325311,121.343912,BULALACAO (ORIENTAL MINDORO)
12.971999,121.472934,GLORIA (ORIENTAL MINDORO)
12.522742,121.441614,MANSALAY (ORIENTAL MINDORO)
13.324417,121.302307,NAUJAN (ORIENTAL MINDORO)
13.034605,121.485082,PINAMALAYAN (ORIENTAL MINDORO)
13.143227,121.441403,POLA (ORIENTAL MINDORO)
13.501235,120.954985,PUERTO GALERA (ORIENTAL MINDORO)
12.590292,121.516923,ROXAS (ORIENTAL MINDORO)
13.435419,121.020058,SAN TEODORO (ORIENTAL MINDORO)
13.054158,121.404596,SOCORRO (ORIENTAL MINDORO)
13.173458,121.279223,VICTORIA (ORIENTAL MINDORO)
9.783354,118.732031,CITY OF PUERTO PRINCESA (PALAWAN)
9.415012,118.53678,ABORLAN (PALAWAN)
11.152012,120.939655,AGUTAYA (PALAWAN)
10.553056,119.990476,ARACELI (PALAWAN)
7.986198,117.064787,BALABAC (PALAWAN)
8.672185,117.629378,BATARAZA (PALAWAN)
8.774255,117.838917,BROOKE'S POINT (PALAWAN)
12.133556,119.936328,BUSUANGA (PALAWAN)
9.577471,121.198088,CAGAYANCILLO (PALAWAN)
11.998865,120.205208,CORON (PALAWAN)
11.894464,120.019436,CULION (PALAWAN)
10.854018,121.007648,CUYO (PALAWAN)
10.528122,119.770048,DUMARAN (PALAWAN)
11.179882,119.390378,EL NIDO (PALAWAN)
11.471431,119.773453,LINAPACAN (PALAWAN)
11.052597,114.285132,KALAYAAN (PALAWAN)
10.865577,121.051203,MAGSAYSAY (PALAWAN)
9.267419,118.404682,NARRA (PALAWAN)
9.237121,117.996286,QUEZON (PALAWAN)
9.019073,117.648954,JOSE P. RIZAL (PALAWAN)
10.318857,119.342995,ROXAS (PALAWAN)
10.82491,119.518283,TAYTAY (PALAWAN)
10.526731,119.260083,SAN VICENTE (PALAWAN)
8.971398,117.999258,SOFRONIO ESPA√±OLA (PALAWAN)
15.165517,120.608058,CITY OF ANGELES (PAMPANGA)
15.244204,120.564558,CITY OF MABALACAT (PAMPANGA)
15.027922,120.693854,CITY OF SAN FERNANDO (PAMPANGA)
14.95379,120.768485,APALIT (PAMPANGA)
15.154176,120.771658,ARAYAT (PAMPANGA)
14.996625,120.651723,BACOLOR (PAMPANGA)
15.092973,120.827995,CANDABA (PAMPANGA)
14.974648,120.528177,FLORIDABLANCA (PAMPANGA)
14.965005,120.633575,GUAGUA (PAMPANGA)
14.937678,120.599588,LUBAO (PAMPANGA)
14.908406,120.715178,MACABEBE (PAMPANGA)
15.214316,120.662159,MAGALANG (PAMPANGA)
14.892482,120.705316,MASANTOL (PAMPANGA)
15.065124,120.720081,MEXICO (PAMPANGA)
14.970556,120.686167,MINALIN (PAMPANGA)
15.073375,120.540734,PORAC (PAMPANGA)
15.039043,120.789242,SAN LUIS (PAMPANGA)
14.98485,120.751571,SAN SIMON (PAMPANGA)
15.083981,120.762927,SANTA ANA (PAMPANGA)
15.000479,120.617935,SANTA RITA (PAMPANGA)
14.996707,120.704272,SANTO TOMAS (PAMPANGA)
14.936334,120.622281,SASMUAN (PAMPANGA)
16.155874,119.979706,CITY OF ALAMINOS (PANGASINAN)
16.04343,120.33532,CITY OF DAGUPAN (PANGASINAN)
15.924929,120.347294,CITY OF SAN CARLOS (PANGASINAN)
16.003863,120.575603,CITY OF URDANETA (PANGASINAN)
16.288889,119.949255,ANDA (PANGASINAN)
16.115822,119.799075,AGNO (PANGASINAN)
15.889572,120.23821,AGUILAR (PANGASINAN)
15.846018,120.521861,ALCALA (PANGASINAN)
16.003874,120.670223,ASINGAN (PANGASINAN)
15.897911,120.671694,BALUNGAO (PANGASINAN)
16.183763,119.861887,BANI (PANGASINAN)
15.858516,120.399757,BASISTA (PANGASINAN)
15.81122,120.476111,BAUTISTA (PANGASINAN)
15.810262,120.456183,BAYAMBANG (PANGASINAN)
16.045246,120.591918,BINALONAN (PANGASINAN)
16.028619,120.26951,BINMALEY (PANGASINAN)
16.38835,119.892824,BOLINAO (PANGASINAN)
15.954548,120.21729,BUGALLON (PANGASINAN)
16.058518,119.864291,BURGOS (PANGASINAN)
16.00881,120.356753,CALASIAO (PANGASINAN)
15.990146,119.880273,DASOL (PANGASINAN)
15.825521,119.905764,INFANTA (PANGASINAN)
16.025773,120.146994,LABRADOR (PANGASINAN)
16.048234,120.547282,LAOAC (PANGASINAN)
16.019992,120.230808,LINGAYEN (PANGASINAN)
16.06946,119.940743,MABINI (PANGASINAN)
15.920228,120.412871,MALASIQUI (PANGASINAN)
16.043576,120.487198,MANAOAG (PANGASINAN)
16.069722,120.403698,MANGALDAN (PANGASINAN)
15.79047,120.29341,MANGATAREM (PANGASINAN)
16.027036,120.4529,MAPANDAN (PANGASINAN)
16.043313,120.797614,NATIVIDAD (PANGASINAN)
16.110483,120.545657,POZZORUBIO (PANGASINAN)
15.892258,120.632963,ROSALES (PANGASINAN)
16.122345,120.403419,SAN FABIAN (PANGASINAN)
16.072744,120.438099,SAN JACINTO (PANGASINAN)
16.063939,120.670192,SAN MANUEL (PANGASINAN)
16.069292,120.76113,SAN NICOLAS (PANGASINAN)
15.982643,120.813511,SAN QUINTIN (PANGASINAN)
15.997081,120.42104,SANTA BARBARA (PANGASINAN)
15.980955,120.699411,SANTA MARIA (PANGASINAN)
15.87856,120.583102,SANTO TOMAS (PANGASINAN)
16.172536,120.509302,SISON (PANGASINAN)
16.065819,120.095499,SUAL (PANGASINAN)
16.027039,120.745016,TAYUG (PANGASINAN)
15.927393,120.840794,UMINGAN (PANGASINAN)
15.82252,120.330246,URBIZTONDO (PANGASINAN)
15.901187,120.587207,VILLASIS (PANGASINAN)
13.961031,121.63361,CITY OF LUCENA (QUEZON)
14.02487,121.592411,CITY OF TAYABAS (QUEZON)
13.875552,121.913387,AGDANGAN (QUEZON)
14.102322,122.013621,ALABAT (QUEZON)
14.001905,121.92051,ATIMONAN (QUEZON)
13.737447,122.4674,BUENAVISTA (QUEZON)
14.842065,121.968419,BURDEOS (QUEZON)
13.956792,122.287233,CALAUAG (QUEZON)
13.928337,121.424623,CANDELARIA (QUEZON)
13.592842,122.32822,CATANAUAN (QUEZON)
14.013561,121.390286,DOLORES (QUEZON)
13.688354,122.171156,GENERAL LUNA (QUEZON)
14.757104,121.620902,GENERAL NAKAR (QUEZON)
13.897323,122.45417,GUINAYANGAN (QUEZON)
13.921188,122.098382,GUMACA (QUEZON)
14.746481,121.648909,INFANTA (QUEZON)
14.696031,122.330732,JOMALIG (QUEZON)
13.884103,122.26003,LOPEZ (QUEZON)
14.11411,121.554835,LUCBAN (QUEZON)
13.747738,122.13801,MACALELON (QUEZON)
14.190024,121.73171,MAUBAN (QUEZON)
13.523363,122.403396,MULANAY (QUEZON)
13.915645,121.814341,PADRE BURGOS (QUEZON)
13.971228,121.686642,PAGBILAO (QUEZON)
14.93403,121.814406,PANUKULAN (QUEZON)
14.754223,122.218287,PATNANUNGAN (QUEZON)
14.192618,121.925297,PEREZ (QUEZON)
13.783087,122.088057,PITOGO (QUEZON)
13.958956,122.011592,PLARIDEL (QUEZON)
14.714457,121.938236,POLILLO (QUEZON)
14.00683,122.182324,QUEZON (QUEZON)
14.66709,121.60263,REAL (QUEZON)
14.162327,121.638225,SAMPALOC (QUEZON)
13.32285,122.674796,SAN ANDRES (QUEZON)
13.895833,121.293089,SAN ANTONIO (QUEZON)
13.347,122.52066,SAN FRANCISCO (QUEZON)
13.565697,122.566484,SAN NARCISO (QUEZON)
13.962765,121.523602,SARIAYA (QUEZON)
13.965872,122.539471,TAGKAWAYAN (QUEZON)
13.958963,121.323089,TIAONG (QUEZON)
13.838306,121.97806,UNISAN (QUEZON)
16.489887,121.58557,AGLIPAY (QUIRINO)
16.509767,121.528407,CABARROGUIS (QUIRINO)
16.59073,121.502762,DIFFUN (QUIRINO)
16.340724,121.684331,MADDELA (QUIRINO)
16.227902,121.60823,NAGTIPUNAN (QUIRINO)
16.540369,121.563787,SAGUDAY (QUIRINO)
14.586166,121.175982,CITY OF ANTIPOLO (RIZAL)
14.526233,121.152654,ANGONO (RIZAL)
14.523941,121.261203,BARAS (RIZAL)
14.48179,121.188213,BINANGONAN (RIZAL)
14.5802,121.114657,CAINTA (RIZAL)
14.484998,121.230763,CARDONA (RIZAL)
14.358164,121.326729,JALA-JALA (RIZAL)
14.512929,121.238913,MORONG (RIZAL)
14.476796,121.314889,PILILLA (RIZAL)
14.732456,121.145542,RODRIGUEZ (RIZAL)
14.695176,121.11789,SAN MATEO (RIZAL)
14.50028,121.283427,TANAY (RIZAL)
14.552411,121.130672,TAYTAY (RIZAL)
14.558458,121.207939,TERESA (RIZAL)
12.258572,122.054955,ALCANTARA (ROMBLON)
12.945889,122.095806,BANTON (ROMBLON)
12.3685,122.686146,CAJIDIOCAN (ROMBLON)
12.618265,122.070721,CALATRAVA (ROMBLON)
12.913485,121.720496,CONCEPCION (ROMBLON)
12.784218,122.047632,CORCUERA (ROMBLON)
12.336565,121.939794,FERROL (ROMBLON)
12.263438,121.995467,LOOC (ROMBLON)
12.492018,122.5142,MAGDIWANG (ROMBLON)
12.399962,121.981513,ODIONGAN (ROMBLON)
12.575469,122.270162,ROMBLON (ROMBLON)
12.567685,122.133196,SAN AGUSTIN (ROMBLON)
12.520839,122.011321,SAN ANDRES (ROMBLON)
12.303413,122.600347,SAN FERNANDO (ROMBLON)
12.062022,121.959164,SAN JOSE (ROMBLON)
12.154013,121.99597,SANTA FE (ROMBLON)
12.391515,122.093621,SANTA MARIA (ROMBLON)
6.103133,125.2923,ALABEL (SARANGANI)
5.821576,125.204496,GLAN (SARANGANI)
5.988411,124.624159,KIAMBA (SARANGANI)
5.862781,124.996807,MAASIM (SARANGANI)
6.061372,124.49576,MAITUM (SARANGANI)
5.970487,125.288544,MALAPATAN (SARANGANI)
6.377615,125.272656,MALUNGON (SARANGANI)
9.276626,123.646993,ENRIQUE VILLANUEVA (SIQUIJOR)
9.248287,123.591295,LARENA (SIQUIJOR)
9.128573,123.633768,LAZI (SIQUIJOR)
9.195963,123.654835,MARIA (SIQUIJOR)
9.158332,123.493579,SAN JUAN (SIQUIJOR)
9.214028,123.513859,SIQUIJOR (SIQUIJOR)
12.980099,124.024252,CITY OF SORSOGON (SORSOGON)
12.862242,124.147651,BARCELONA (SORSOGON)
12.677442,123.875335,BULAN (SORSOGON)
12.750281,124.136676,BULUSAN (SORSOGON)
12.872353,124.008238,CASIGURAN (SORSOGON)
12.978468,123.800287,CASTILLA (SORSOGON)
12.906234,123.596682,DONSOL (SORSOGON)
12.917508,124.123547,GUBAT (SORSOGON)
12.702747,124.034156,IROSIN (SORSOGON)
12.848492,123.988792,JUBAN (SORSOGON)
12.828619,123.834175,MAGALLANES (SORSOGON)
12.585583,124.085637,MATNOG (SORSOGON)
12.924161,123.675412,PILAR (SORSOGON)
13.040154,124.193613,PRIETO DIAZ (SORSOGON)
12.645998,124.107212,SANTA MAGDALENA (SORSOGON)
6.113101,125.171709,CITY OF GENERAL SANTOS (SOUTH COTABATO)
6.47974,124.865707,CITY OF KORONADAL (SOUTH COTABATO)
6.423387,124.77595,BANGA (SOUTH COTABATO)
6.226243,124.711832,LAKE SEBU (SOUTH COTABATO)
6.520006,124.661031,NORALA (SOUTH COTABATO)
6.220706,125.063073,POLOMOLOK (SOUTH COTABATO)
6.428155,124.679723,SANTO NI√±O (SOUTH COTABATO)
6.375553,124.747258,SURALLAH (SOUTH COTABATO)
6.443897,124.926522,TAMPAKAN (SOUTH COTABATO)
6.618954,124.748127,TANTANGAN (SOUTH COTABATO)
6.331118,124.950698,TUPI (SOUTH COTABATO)
6.213524,124.822721,T'BOLI (SOUTH COTABATO)
10.131495,124.83852,CITY OF MAASIN  (SOUTHERN LEYTE)
10.274547,125.257981,ANAHAWAN (SOUTHERN LEYTE)
10.354314,124.970267,BONTOC (SOUTHERN LEYTE)
10.394316,125.198336,HINUNANGAN (SOUTHERN LEYTE)
10.351799,125.25319,HINUNDAYAN (SOUTHERN LEYTE)
10.296161,125.051402,LIBAGON (SOUTHERN LEYTE)
10.156132,125.11809,LILOAN (SOUTHERN LEYTE)
9.916884,125.073096,LIMASAWA (SOUTHERN LEYTE)
10.076868,124.942108,MACROHON (SOUTHERN LEYTE)
10.158271,125.002695,MALITBOG (SOUTHERN LEYTE)
10.030135,125.016972,PADRE BURGOS (SOUTHERN LEYTE)
9.944285,125.24888,PINTUYAN (SOUTHERN LEYTE)
10.279719,125.139447,SAINT BERNARD (SOUTHERN LEYTE)
10.261933,125.173325,SAN JUAN (SOUTHERN LEYTE)
10.056171,125.157785,SAN FRANCISCO (SOUTHERN LEYTE)
9.911555,125.276442,SAN RICARDO (SOUTHERN LEYTE)
10.527649,125.162746,SILAGO (SOUTHERN LEYTE)
10.384751,124.980813,SOGOD (SOUTHERN LEYTE)
10.304705,124.979291,TOMAS OPPUS (SOUTHERN LEYTE)
6.692568,124.675794,CITY OF TACURONG (SULTAN KUDARAT)
6.534104,124.56429,BAGUMBAYAN (SULTAN KUDARAT)
6.685921,124.960831,COLUMBIO (SULTAN KUDARAT)
6.722114,124.52011,ESPERANZA (SULTAN KUDARAT)
6.625008,124.597564,ISULAN (SULTAN KUDARAT)
6.555784,124.050531,KALAMANSIG (SULTAN KUDARAT)
6.798688,124.634894,LAMBAYONG (SULTAN KUDARAT)
6.635255,124.066921,LEBAK (SULTAN KUDARAT)
6.559981,124.857796,LUTAYAN (SULTAN KUDARAT)
6.210114,124.188625,PALIMBANG (SULTAN KUDARAT)
6.698399,124.730127,PRESIDENT QUIRINO (SULTAN KUDARAT)
6.4595,124.321784,SENATOR NINOY AQUINO (SULTAN KUDARAT)
6.071213,121.784627,BANGUINGUI (SULU)
6.103352,120.963156,HADJI PANGLIMA TAHIL (SULU)
5.972019,120.971199,INDANAN (SULU)
6.054323,121.002272,JOLO (SULU)
5.88518,121.264202,KALINGALAN CALUANG (SULU)
5.702829,120.818993,LUGUS (SULU)
5.965711,121.312891,LUUK (SULU)
5.933166,121.025549,MAIMBUNG (SULU)
5.9828,121.212413,OLD PANAMAO (SULU)
6.017792,121.389929,OMAR (SULU)
5.549459,120.805952,PANDAMI (SULU)
5.956669,121.196089,PANGLIMA ESTINO (SULU)
6.301951,120.583738,PANGUTARAN (SULU)
7.374446,124.268529,PARANG (SULU)
5.845457,121.145763,PATA (SULU)
6.087636,121.107928,PATIKUL (SULU)
5.544828,120.815847,SIASI (SULU)
5.974687,121.114253,TALIPAO (SULU)
5.704848,120.882215,TAPUL (SULU)
9.791346,125.493444,CITY OF SURIGAO (SURIGAO DEL NORTE)
9.464189,125.575703,ALEGRIA (SURIGAO DEL NORTE)
9.608091,125.640178,BACUAG (SURIGAO DEL NORTE)
10.018169,126.074586,BURGOS (SURIGAO DEL NORTE)
9.573989,125.732694,CLAVER (SURIGAO DEL NORTE)
9.75637,126.053047,DAPA (SURIGAO DEL NORTE)
9.869088,125.970248,DEL CARMEN (SURIGAO DEL NORTE)
9.782319,126.156676,GENERAL LUNA (SURIGAO DEL NORTE)
9.595835,125.697384,GIGAQUIT (SURIGAO DEL NORTE)
9.540582,125.522995,MAINIT (SURIGAO DEL NORTE)
9.61836,125.401773,MALIMONO (SURIGAO DEL NORTE)
9.656431,125.602508,PLACER (SURIGAO DEL NORTE)
9.864451,126.100496,PILAR (SURIGAO DEL NORTE)
9.959395,126.007788,SAN BENITO (SURIGAO DEL NORTE)
9.777944,125.422663,SAN FRANCISCO (SURIGAO DEL NORTE)
9.936765,126.087164,SAN ISIDRO (SURIGAO DEL NORTE)
10.018418,126.038088,SANTA MONICA (SURIGAO DEL NORTE)
9.657773,125.528455,SISON (SURIGAO DEL NORTE)
9.618279,125.965926,SOCORRO (SURIGAO DEL NORTE)
9.698025,125.583806,TAGANAAN (SURIGAO DEL NORTE)
9.55381,125.569606,TUBOD (SURIGAO DEL NORTE)
8.213341,126.316225,CITY OF BISLIG (SURIGAO DEL SUR)
9.073463,126.169041,CITY OF TANDAG (SURIGAO DEL SUR)
8.529275,126.121746,BAROBO (SURIGAO DEL SUR)
8.968996,126.283651,BAYABAS (SURIGAO DEL SUR)
8.918147,126.301803,CAGWAIT (SURIGAO DEL SUR)
9.33612,125.977249,CANTILAN (SURIGAO DEL SUR)
9.229437,126.017607,CARMEN (SURIGAO DEL SUR)
9.368338,125.949499,CARRASCAL (SURIGAO DEL SUR)
9.275362,126.192437,CORTES (SURIGAO DEL SUR)
8.366966,126.337624,HINATUAN (SURIGAO DEL SUR)
9.232018,126.059861,LANUZA (SURIGAO DEL SUR)
8.63298,126.09322,LIANGA (SURIGAO DEL SUR)
8.03808,126.412661,LINGIG (SURIGAO DEL SUR)
9.261208,125.96411,MADRID (SURIGAO DEL SUR)
8.799837,126.298293,MARIHATAG (SURIGAO DEL SUR)
8.744519,126.22391,SAN AGUSTIN (SURIGAO DEL SUR)
8.946731,126.038369,SAN MIGUEL (SURIGAO DEL SUR)
9.019819,126.233025,TAGO (SURIGAO DEL SUR)
8.459067,126.160216,TAGBINA (SURIGAO DEL SUR)
15.486847,120.589871,CITY OF TARLAC (TARLAC)
15.73001,120.626603,ANAO (TARLAC)
15.29003,120.570138,BAMBAN (TARLAC)
15.686368,120.414671,CAMILING (TARLAC)
15.346286,120.592938,CAPAS (TARLAC)
15.323567,120.655509,CONCEPCION (TARLAC)
15.606472,120.59957,GERONA (TARLAC)
15.441171,120.729443,LA PAZ (TARLAC)
15.623,120.387,MAYANTOC (TARLAC)
15.733091,120.57244,MONCADA (TARLAC)
15.667931,120.577724,PANIQUI (TARLAC)
15.624102,120.647504,PURA (TARLAC)
15.666681,120.639238,RAMOS (TARLAC)
15.712365,120.360323,SAN CLEMENTE (TARLAC)
15.477338,120.463913,SAN JOSE (TARLAC)
15.799396,120.607173,SAN MANUEL (TARLAC)
15.616394,120.434641,SANTA IGNACIA (TARLAC)
15.575926,120.681441,VICTORIA (TARLAC)
5.031908,119.772379,BONGAO (TAWI-TAWI)
5.267507,120.079189,LANGUYAN (TAWI-TAWI)
6.9753,118.513679,MAPUN (TAWI-TAWI)
5.075026,119.885785,PANGLIMA SUGALA (TAWI-TAWI)
5.089892,120.272857,SAPA-SAPA (TAWI-TAWI)
4.84106,119.459331,SIBUTU (TAWI-TAWI)
4.914138,119.791181,SIMUNUL (TAWI-TAWI)
4.662622,119.393956,SITANGKAI (TAWI-TAWI)
5.191085,120.486326,SOUTH UBIAN (TAWI-TAWI)
5.133115,120.346342,TANDUBAS (TAWI-TAWI)
6.073293,118.311307,TURTLE ISLANDS (TAWI-TAWI)
12.066507,124.594442,CITY OF CALBAYOG (SAMAR)
11.775489,124.883633,CITY OF CATBALOGAN (SAMAR)
11.910799,124.285211,ALMAGRO (SAMAR)
11.280564,125.069075,BASEY (SAMAR)
11.625128,125.019264,CALBIGA (SAMAR)
11.636426,124.796435,DARAM (SAMAR)
12.013403,124.810805,GANDARA (SAMAR)
11.701214,125.066092,HINABANGAN (SAMAR)
11.762286,124.950254,JIABONG (SAMAR)
11.107735,125.213084,MARABUT (SAMAR)
12.144786,124.885192,MATUGUINAO (SAMAR)
11.778265,124.997889,MOTIONG (SAMAR)
11.966397,124.721876,PAGSANGHAN (SAMAR)
11.771897,125.022799,PARANAS (SAMAR)
11.613085,124.983236,PINABACDAO (SAMAR)
11.978773,124.824782,SAN JORGE (SAMAR)
12.053687,125.025157,SAN JOSE DE BUAN (SAMAR)
11.710085,125.017003,SAN SEBASTIAN (SAMAR)
12.037849,124.658774,SANTA MARGARITA (SAMAR)
11.449715,124.941788,SANTA RITA (SAMAR)
11.926057,124.448612,SANTO NI√ëO (SAMAR)
12.048409,124.158301,TAGAPUL-AN (SAMAR)
11.529537,124.835429,TALALORA (SAMAR)
11.901939,124.746525,TARANGNAN (SAMAR)
11.567862,124.928144,VILLAREAL (SAMAR)
11.638199,124.840538,ZUMARRAGA (SAMAR)
14.842496,120.287592,CITY OF OLONGAPO (ZAMBALES)
15.288828,120.023357,BOTOLAN (ZAMBALES)
15.15903,120.055788,CABANGAN (ZAMBALES)
15.626604,119.931418,CANDELARIA (ZAMBALES)
14.932181,120.199909,CASTILLEJOS (ZAMBALES)
15.327822,119.976551,IBA (ZAMBALES)
15.532877,119.95786,MASINLOC (ZAMBALES)
15.433656,119.91001,PALAUIG (ZAMBALES)
14.948521,120.089836,SAN ANTONIO (ZAMBALES)
15.060185,120.070529,SAN FELIPE (ZAMBALES)
14.974078,120.155504,SAN MARCELINO (ZAMBALES)
15.015528,120.079075,SAN NARCISO (ZAMBALES)
15.762085,119.909288,SANTA CRUZ (ZAMBALES)
14.877687,120.23531,SUBIC (ZAMBALES)
8.637336,123.414589,CITY OF DAPITAN (ZAMBOANGA DEL NORTE)
8.586757,123.344482,CITY OF DIPOLOG (ZAMBOANGA DEL NORTE)
7.808874,122.145165,BALIGUIAN (ZAMBOANGA DEL NORTE)
8.001576,122.843815,GODOD (ZAMBOANGA DEL NORTE)
7.980962,122.405624,GUTALAC (ZAMBOANGA DEL NORTE)
8.440756,123.023425,JOSE DALMAN (ZAMBOANGA DEL NORTE)
7.907965,122.523673,KALAWIT (ZAMBOANGA DEL NORTE)
8.512954,123.284349,KATIPUNAN (ZAMBOANGA DEL NORTE)
8.468512,123.525619,LA LIBERTAD (ZAMBOANGA DEL NORTE)
8.064794,122.524675,LABASON (ZAMBOANGA DEL NORTE)
8.151085,122.924808,LEON B. POSTIGO (ZAMBOANGA DEL NORTE)
8.121241,122.673629,LILOY (ZAMBOANGA DEL NORTE)
8.516403,123.091755,MANUKAN (ZAMBOANGA DEL NORTE)
8.419943,123.475553,MUTIA (ZAMBOANGA DEL NORTE)
8.481922,123.450433,PI√ëAN (ZAMBOANGA DEL NORTE)
8.532042,123.363073,POLANCO (ZAMBOANGA DEL NORTE)
8.520852,123.230182,PRESIDENT MANUEL A. ROXAS (ZAMBOANGA DEL NORTE)
8.524525,123.551553,RIZAL (ZAMBOANGA DEL NORTE)
8.107743,122.75754,SALUG (ZAMBOANGA DEL NORTE)
8.296138,123.508889,SERGIO OSME√±A SR. (ZAMBOANGA DEL NORTE)
8.251858,123.114513,SIAYAN (ZAMBOANGA DEL NORTE)
7.292867,122.066981,SIBUCO (ZAMBOANGA DEL NORTE)
8.613176,123.479863,SIBUTAD (ZAMBOANGA DEL NORTE)
8.236622,122.998354,SINDANGAN (ZAMBOANGA DEL NORTE)
7.705804,122.136204,SIOCON (ZAMBOANGA DEL NORTE)
7.585342,122.140713,SIRAWAI (ZAMBOANGA DEL NORTE)
7.975683,122.664381,TAMPILISAN (ZAMBOANGA DEL NORTE)
7.827151,123.435163,CITY OF PAGADIAN  (ZAMBOANGA DEL SUR)
6.90404,122.076272,CITY OF ZAMBOANGA (ZAMBOANGA DEL SUR)
7.948901,123.586066,AURORA (ZAMBOANGA DEL SUR)
7.850356,123.042157,BAYOG (ZAMBOANGA DEL SUR)
7.499668,123.34161,DIMATALING (ZAMBOANGA DEL SUR)
7.61607,123.339209,DINAS (ZAMBOANGA DEL SUR)
7.817624,123.362344,DUMALINAO (ZAMBOANGA DEL SUR)
8.154359,123.345024,DUMINGAG (ZAMBOANGA DEL SUR)
7.729143,123.321328,GUIPOS (ZAMBOANGA DEL SUR)
8.214643,123.546929,JOSEFINA (ZAMBOANGA DEL SUR)
7.748077,123.144222,KUMALARANG (ZAMBOANGA DEL SUR)
7.863572,123.515929,LABANGAN (ZAMBOANGA DEL SUR)
7.854853,123.083333,LAKEWOOD (ZAMBOANGA DEL SUR)
7.63867,123.197386,LAPUYAN (ZAMBOANGA DEL SUR)
8.12955,123.437614,MAHAYAG (ZAMBOANGA DEL SUR)
7.57528,123.165724,MARGOSATUBIG (ZAMBOANGA DEL SUR)
8.029052,123.314845,MIDSALIP (ZAMBOANGA DEL SUR)
8.092535,123.484176,MOLAVE (ZAMBOANGA DEL SUR)
7.452572,123.313106,PITOGO (ZAMBOANGA DEL SUR)
8.005343,123.487102,RAMON MAGSAYSAY (ZAMBOANGA DEL SUR)
7.648378,123.267433,SAN MIGUEL (ZAMBOANGA DEL SUR)
7.654024,123.459941,SAN PABLO (ZAMBOANGA DEL SUR)
8.037806,123.384128,SOMINOT (ZAMBOANGA DEL SUR)
7.463067,123.411952,TABINA (ZAMBOANGA DEL SUR)
8.070142,123.537766,TAMBULIG (ZAMBOANGA DEL SUR)
7.821155,123.223489,TIGBAO (ZAMBOANGA DEL SUR)
7.854108,123.579962,TUKURAN (ZAMBOANGA DEL SUR)
7.514735,123.170731,VINCENZO A. SAGUN (ZAMBOANGA DEL SUR)
7.50751,122.941034,ALICIA (ZAMBOANGA SIBUGAY)
7.731325,123.059705,BUUG (ZAMBOANGA SIBUGAY)
7.687116,122.989024,DIPLAHAN (ZAMBOANGA SIBUGAY)
7.639905,122.932884,IMELDA (ZAMBOANGA SIBUGAY)
7.784691,122.587141,IPIL (ZAMBOANGA SIBUGAY)
7.799063,122.755286,KABASALAN (ZAMBOANGA SIBUGAY)
7.417244,122.835742,MABUHAY (ZAMBOANGA SIBUGAY)
7.636452,123.017362,MALANGAS (ZAMBOANGA SIBUGAY)
7.795347,122.69548,NAGA (ZAMBOANGA SIBUGAY)
7.310637,122.844725,OLUTANGA (ZAMBOANGA SIBUGAY)
7.587303,122.802166,PAYAO (ZAMBOANGA SIBUGAY)
7.656244,122.46307,ROSELLER LIM (ZAMBOANGA SIBUGAY)
7.709697,122.867493,SIAY (ZAMBOANGA SIBUGAY)
7.42624,122.808389,TALUSAN (ZAMBOANGA SIBUGAY)
7.869403,122.56122,TITAY (ZAMBOANGA SIBUGAY)
7.60103,122.421105,TUNGAWAN (ZAMBOANGA DEL SUR)
14.294173,121.239369,TALIM ISLAND (BINANGONAN / CARDONA) (RIZAL)
14.294173,121.239369,TALIM ISLAND - BRGY. HABAGATAN (BINANGONAN) (RIZAL)
14.294173,121.244114,TALIM ISLAND - BRGY. TUNA (CARDONA) (RIZAL)
14.009350,120.996166,TAAL VOLCANO ISLAND (SAN NICOLAS / TALISAY) (BATANGAS)
13.535138,121.071343,VERDE ISLAND (BATANGAS CITY) (BATANGAS)
18.850635,121.368873,FUGA ISLAND (APARRI) (CAGAYAN)
19.511602,121.913171,BABUYAN ISLAND (CALAYAN) (CAGAYAN)
19.107339,121.206146,DALUPIRI ISLAND (CALAYAN) (CAGAYAN)
18.908346,121.866505,CAMIGUIN ISLAND (CALAYAN) (CAGAYAN)
14.475938,122.948044,TINAGA ISLAND (VINZONS) (CAMARINES NORTE)
14.386696,120.587875,CORREGIDOR ISLAND (CITY OF CAVITE) (CAVITE)
05.412343,125.421333,BALUT ISLAND (MUNICIPALITY OF SARANGANI) (DAVAO OCCIDENTAL)
05.472939,125.471444,SARANGANI ISLAND (MUNICIPALITY OF SARANGANI) (DAVAO OCCIDENTAL)
10.742494,125.723006,HOMONHON ISLAND (GUIUAN) (EASTERN SAMAR)
07.341693,124.032938,BONGO ISLAND (PARANG) (MAGUINDANAO)
14.257257,121.821660,CAGBALETE ISLAND (MAUBAN) (QUEZON)
14.423731,122.036367,BALESIN ISLAND (POLILLO) (QUEZON)
15.152378,117.765333,BAJO DE MASINLOC (MASINLOC) (ZAMBALES)